mode: set
github.com/korjavin/dutyassistant/internal/http/server.go:15.79,34.49 6 0
github.com/korjavin/dutyassistant/internal/http/server.go:34.49,38.42 2 0
github.com/korjavin/dutyassistant/internal/http/server.go:38.42,40.4 1 0
github.com/korjavin/dutyassistant/internal/http/server.go:40.9,42.4 1 0
github.com/korjavin/dutyassistant/internal/http/server.go:43.3,43.11 1 0
github.com/korjavin/dutyassistant/internal/http/server.go:47.2,49.2 3 0
github.com/korjavin/dutyassistant/internal/http/server.go:49.2,53.3 3 0
github.com/korjavin/dutyassistant/internal/http/server.go:56.2,56.39 1 0
github.com/korjavin/dutyassistant/internal/http/server.go:56.39,59.3 2 0
github.com/korjavin/dutyassistant/internal/http/server.go:60.2,76.2 10 0
github.com/korjavin/dutyassistant/internal/http/server.go:76.2,86.3 7 0
github.com/korjavin/dutyassistant/internal/http/server.go:86.3,88.4 1 0
github.com/korjavin/dutyassistant/internal/http/server.go:91.3,93.3 3 0
github.com/korjavin/dutyassistant/internal/http/server.go:93.3,97.4 3 0
github.com/korjavin/dutyassistant/internal/http/server.go:102.2,105.15 3 0
github.com/korjavin/dutyassistant/internal/store/mocks/store.go:18.93,20.24 2 0
github.com/korjavin/dutyassistant/internal/store/mocks/store.go:20.24,22.3 1 0
github.com/korjavin/dutyassistant/internal/store/mocks/store.go:23.2,23.49 1 0
github.com/korjavin/dutyassistant/internal/store/mocks/store.go:27.81,29.24 2 0
github.com/korjavin/dutyassistant/internal/store/mocks/store.go:29.24,31.3 1 0
github.com/korjavin/dutyassistant/internal/store/mocks/store.go:32.2,32.51 1 0
github.com/korjavin/dutyassistant/internal/store/mocks/store.go:36.78,38.24 2 0
github.com/korjavin/dutyassistant/internal/store/mocks/store.go:38.24,40.3 1 0
github.com/korjavin/dutyassistant/internal/store/mocks/store.go:41.2,41.51 1 0
github.com/korjavin/dutyassistant/internal/store/mocks/store.go:45.77,48.2 2 0
github.com/korjavin/dutyassistant/internal/store/mocks/store.go:51.77,54.2 2 0
github.com/korjavin/dutyassistant/internal/store/mocks/store.go:57.77,60.2 2 0
github.com/korjavin/dutyassistant/internal/store/mocks/store.go:63.93,65.24 2 0
github.com/korjavin/dutyassistant/internal/store/mocks/store.go:65.24,67.3 1 0
github.com/korjavin/dutyassistant/internal/store/mocks/store.go:68.2,68.49 1 0
github.com/korjavin/dutyassistant/internal/store/mocks/store.go:72.110,74.24 2 0
github.com/korjavin/dutyassistant/internal/store/mocks/store.go:74.24,76.3 1 0
github.com/korjavin/dutyassistant/internal/store/mocks/store.go:77.2,77.51 1 0
github.com/korjavin/dutyassistant/internal/store/mocks/store.go:81.97,83.24 2 0
github.com/korjavin/dutyassistant/internal/store/mocks/store.go:83.24,85.3 1 0
github.com/korjavin/dutyassistant/internal/store/mocks/store.go:86.2,86.51 1 0
github.com/korjavin/dutyassistant/internal/store/mocks/store.go:90.77,93.2 2 0
github.com/korjavin/dutyassistant/internal/store/mocks/store.go:96.75,99.2 2 0
github.com/korjavin/dutyassistant/internal/store/mocks/store.go:102.90,104.24 2 0
github.com/korjavin/dutyassistant/internal/store/mocks/store.go:104.24,106.3 1 0
github.com/korjavin/dutyassistant/internal/store/mocks/store.go:107.2,107.49 1 0
github.com/korjavin/dutyassistant/internal/store/mocks/store.go:111.95,113.24 2 0
github.com/korjavin/dutyassistant/internal/store/mocks/store.go:113.24,115.3 1 0
github.com/korjavin/dutyassistant/internal/store/mocks/store.go:116.2,116.54 1 0
github.com/korjavin/dutyassistant/internal/store/mocks/store.go:120.77,123.2 2 0
github.com/korjavin/dutyassistant/internal/store/mocks/store.go:126.77,128.24 2 0
github.com/korjavin/dutyassistant/internal/store/mocks/store.go:128.24,130.3 1 0
github.com/korjavin/dutyassistant/internal/store/mocks/store.go:131.2,131.49 1 0
github.com/korjavin/dutyassistant/internal/store/mocks/store.go:135.75,137.24 2 0
github.com/korjavin/dutyassistant/internal/store/mocks/store.go:137.24,139.3 1 0
github.com/korjavin/dutyassistant/internal/store/mocks/store.go:140.2,140.49 1 0
github.com/korjavin/dutyassistant/internal/store/mocks/store.go:144.113,146.24 2 0
github.com/korjavin/dutyassistant/internal/store/mocks/store.go:146.24,148.3 1 0
github.com/korjavin/dutyassistant/internal/store/mocks/store.go:149.2,149.51 1 0
github.com/korjavin/dutyassistant/internal/store/mocks/store.go:153.92,156.2 2 0
github.com/korjavin/dutyassistant/internal/store/mocks/store.go:159.88,162.2 2 0
github.com/korjavin/dutyassistant/internal/store/mocks/store.go:165.86,168.2 2 0
github.com/korjavin/dutyassistant/internal/store/mocks/store.go:171.82,174.2 2 0
github.com/korjavin/dutyassistant/internal/store/mocks/store.go:177.89,180.2 2 0
github.com/korjavin/dutyassistant/internal/store/mocks/store.go:183.92,185.24 2 0
github.com/korjavin/dutyassistant/internal/store/mocks/store.go:185.24,187.3 1 0
github.com/korjavin/dutyassistant/internal/store/mocks/store.go:188.2,188.51 1 0
github.com/korjavin/dutyassistant/internal/store/mocks/store.go:192.88,194.24 2 0
github.com/korjavin/dutyassistant/internal/store/mocks/store.go:194.24,196.3 1 0
github.com/korjavin/dutyassistant/internal/store/mocks/store.go:197.2,197.51 1 0
github.com/korjavin/dutyassistant/internal/store/mocks/store.go:201.95,204.2 2 0
github.com/korjavin/dutyassistant/internal/store/mocks/store.go:207.75,210.2 2 0
github.com/korjavin/dutyassistant/internal/store/mocks/store.go:213.100,216.2 2 0
github.com/korjavin/dutyassistant/internal/store/mocks/store.go:219.97,221.24 2 0
github.com/korjavin/dutyassistant/internal/store/mocks/store.go:221.24,223.3 1 0
github.com/korjavin/dutyassistant/internal/store/mocks/store.go:224.2,224.51 1 0
github.com/korjavin/dutyassistant/internal/store/mocks/store.go:228.78,231.2 2 0
github.com/korjavin/dutyassistant/internal/store/mocks/store.go:234.71,237.2 2 0
github.com/korjavin/dutyassistant/internal/store/mocks/store.go:239.80,242.2 2 0
github.com/korjavin/dutyassistant/internal/store/mocks/store.go:244.104,246.24 2 0
github.com/korjavin/dutyassistant/internal/store/mocks/store.go:246.24,248.3 1 0
github.com/korjavin/dutyassistant/internal/store/mocks/store.go:249.2,249.50 1 0
github.com/korjavin/dutyassistant/internal/store/mocks/store.go:252.82,254.24 2 0
github.com/korjavin/dutyassistant/internal/store/mocks/store.go:254.24,256.3 1 0
github.com/korjavin/dutyassistant/internal/store/mocks/store.go:257.2,257.52 1 0
github.com/korjavin/dutyassistant/internal/store/mocks/store.go:260.104,262.24 2 0
github.com/korjavin/dutyassistant/internal/store/mocks/store.go:262.24,264.3 1 0
github.com/korjavin/dutyassistant/internal/store/mocks/store.go:265.2,265.52 1 0
github.com/korjavin/dutyassistant/internal/store/mocks/store.go:268.83,270.24 2 0
github.com/korjavin/dutyassistant/internal/store/mocks/store.go:270.24,272.3 1 0
github.com/korjavin/dutyassistant/internal/store/mocks/store.go:273.2,273.52 1 0
github.com/korjavin/dutyassistant/internal/store/mocks/store.go:276.93,279.2 2 0
github.com/korjavin/dutyassistant/internal/store/mocks/store.go:281.101,283.24 2 0
github.com/korjavin/dutyassistant/internal/store/mocks/store.go:283.24,285.3 1 0
github.com/korjavin/dutyassistant/internal/store/mocks/store.go:286.2,286.56 1 0
github.com/korjavin/dutyassistant/internal/store/mocks/store.go:289.112,291.24 2 0
github.com/korjavin/dutyassistant/internal/store/mocks/store.go:291.24,293.3 1 0
github.com/korjavin/dutyassistant/internal/store/mocks/store.go:294.2,294.60 1 0
github.com/korjavin/dutyassistant/internal/store/mocks/store.go:297.112,299.24 2 0
github.com/korjavin/dutyassistant/internal/store/mocks/store.go:299.24,301.3 1 0
github.com/korjavin/dutyassistant/internal/store/mocks/store.go:302.2,302.62 1 0
github.com/korjavin/dutyassistant/internal/store/mocks/store.go:305.81,308.2 2 0
github.com/korjavin/dutyassistant/internal/store/mocks/store.go:310.86,312.24 2 0
github.com/korjavin/dutyassistant/internal/store/mocks/store.go:312.24,314.3 1 0
github.com/korjavin/dutyassistant/internal/store/mocks/store.go:315.2,315.50 1 0
github.com/korjavin/dutyassistant/internal/store/mocks/store.go:318.83,321.2 2 0
github.com/korjavin/dutyassistant/internal/store/mocks/store.go:323.84,326.2 2 0
github.com/korjavin/dutyassistant/internal/store/mocks/store.go:328.133,331.2 2 0
github.com/korjavin/dutyassistant/internal/store/mocks/store.go:333.90,335.24 2 0
github.com/korjavin/dutyassistant/internal/store/mocks/store.go:335.24,337.3 1 0
github.com/korjavin/dutyassistant/internal/store/mocks/store.go:338.2,338.51 1 0
github.com/korjavin/dutyassistant/internal/store/mocks/store.go:341.132,343.24 2 0
github.com/korjavin/dutyassistant/internal/store/mocks/store.go:343.24,345.3 1 0
github.com/korjavin/dutyassistant/internal/store/mocks/store.go:346.2,346.69 1 0
github.com/korjavin/dutyassistant/internal/store/mocks/store.go:349.140,351.24 2 0
github.com/korjavin/dutyassistant/internal/store/mocks/store.go:351.24,353.3 1 0
github.com/korjavin/dutyassistant/internal/store/mocks/store.go:354.2,354.70 1 0
github.com/korjavin/dutyassistant/internal/store/mocks/store.go:358.98,361.2 2 0
github.com/korjavin/dutyassistant/internal/store/mocks/store.go:364.101,366.24 2 0
github.com/korjavin/dutyassistant/internal/store/mocks/store.go:366.24,368.3 1 0
github.com/korjavin/dutyassistant/internal/store/mocks/store.go:369.2,369.59 1 0
github.com/korjavin/dutyassistant/internal/store/mocks/store.go:373.100,375.24 2 0
github.com/korjavin/dutyassistant/internal/store/mocks/store.go:375.24,377.3 1 0
github.com/korjavin/dutyassistant/internal/store/mocks/store.go:378.2,378.61 1 0
github.com/korjavin/dutyassistant/internal/store/mocks/store.go:382.115,384.24 2 0
github.com/korjavin/dutyassistant/internal/store/mocks/store.go:384.24,386.3 1 0
github.com/korjavin/dutyassistant/internal/store/mocks/store.go:387.2,387.61 1 0
github.com/korjavin/dutyassistant/internal/store/mocks/store.go:391.105,394.2 2 0
github.com/korjavin/dutyassistant/internal/store/mocks/store.go:397.79,400.2 2 0
github.com/korjavin/dutyassistant/internal/store/mocks/store.go:402.110,405.2 2 0
github.com/korjavin/dutyassistant/internal/mocks/scheduler.go:15.91,18.2 2 0
github.com/korjavin/dutyassistant/internal/mocks/scheduler.go:20.93,23.2 2 0
github.com/korjavin/dutyassistant/internal/mocks/scheduler.go:25.97,28.2 2 0
github.com/korjavin/dutyassistant/internal/mocks/scheduler.go:30.98,32.24 2 0
github.com/korjavin/dutyassistant/internal/mocks/scheduler.go:32.24,34.3 1 0
github.com/korjavin/dutyassistant/internal/mocks/scheduler.go:35.2,35.49 1 0
github.com/korjavin/dutyassistant/internal/mocks/scheduler.go:38.115,40.24 2 0
github.com/korjavin/dutyassistant/internal/mocks/scheduler.go:40.24,42.3 1 0
github.com/korjavin/dutyassistant/internal/mocks/scheduler.go:43.2,43.49 1 0
github.com/korjavin/dutyassistant/internal/mocks/scheduler.go:46.99,49.2 2 0
github.com/korjavin/dutyassistant/internal/mocks/scheduler.go:51.82,54.2 2 0
github.com/korjavin/dutyassistant/internal/mocks/scheduler.go:56.75,59.2 2 0
github.com/korjavin/dutyassistant/internal/mocks/scheduler.go:61.84,64.2 2 0
github.com/korjavin/dutyassistant/internal/mocks/store.go:16.77,19.2 2 0
github.com/korjavin/dutyassistant/internal/mocks/store.go:21.101,23.24 2 0
github.com/korjavin/dutyassistant/internal/mocks/store.go:23.24,25.3 1 0
github.com/korjavin/dutyassistant/internal/mocks/store.go:26.2,26.49 1 0
github.com/korjavin/dutyassistant/internal/mocks/store.go:29.90,31.24 2 0
github.com/korjavin/dutyassistant/internal/mocks/store.go:31.24,33.3 1 0
github.com/korjavin/dutyassistant/internal/mocks/store.go:34.2,34.49 1 0
github.com/korjavin/dutyassistant/internal/mocks/store.go:37.81,39.24 2 0
github.com/korjavin/dutyassistant/internal/mocks/store.go:39.24,41.3 1 0
github.com/korjavin/dutyassistant/internal/mocks/store.go:42.2,42.51 1 0
github.com/korjavin/dutyassistant/internal/mocks/store.go:45.78,47.24 2 0
github.com/korjavin/dutyassistant/internal/mocks/store.go:47.24,49.3 1 0
github.com/korjavin/dutyassistant/internal/mocks/store.go:50.2,50.51 1 0
github.com/korjavin/dutyassistant/internal/mocks/store.go:53.77,56.2 2 0
github.com/korjavin/dutyassistant/internal/mocks/store.go:58.95,60.24 2 0
github.com/korjavin/dutyassistant/internal/mocks/store.go:60.24,62.3 1 0
github.com/korjavin/dutyassistant/internal/mocks/store.go:63.2,63.54 1 0
github.com/korjavin/dutyassistant/internal/mocks/store.go:66.77,69.2 2 0
github.com/korjavin/dutyassistant/internal/mocks/store.go:71.93,73.24 2 0
github.com/korjavin/dutyassistant/internal/mocks/store.go:73.24,75.3 1 0
github.com/korjavin/dutyassistant/internal/mocks/store.go:76.2,76.49 1 0
github.com/korjavin/dutyassistant/internal/mocks/store.go:79.75,81.24 2 0
github.com/korjavin/dutyassistant/internal/mocks/store.go:81.24,83.3 1 0
github.com/korjavin/dutyassistant/internal/mocks/store.go:84.2,84.49 1 0
github.com/korjavin/dutyassistant/internal/mocks/store.go:87.110,89.24 2 0
github.com/korjavin/dutyassistant/internal/mocks/store.go:89.24,91.3 1 0
github.com/korjavin/dutyassistant/internal/mocks/store.go:92.2,92.51 1 0
github.com/korjavin/dutyassistant/internal/mocks/store.go:95.97,97.24 2 0
github.com/korjavin/dutyassistant/internal/mocks/store.go:97.24,99.3 1 0
github.com/korjavin/dutyassistant/internal/mocks/store.go:100.2,100.51 1 0
github.com/korjavin/dutyassistant/internal/mocks/store.go:103.77,106.2 2 0
github.com/korjavin/dutyassistant/internal/mocks/store.go:108.110,111.2 2 0
github.com/korjavin/dutyassistant/internal/mocks/store.go:113.75,116.2 2 0
github.com/korjavin/dutyassistant/internal/mocks/store.go:118.85,120.24 2 0
github.com/korjavin/dutyassistant/internal/mocks/store.go:120.24,122.3 1 0
github.com/korjavin/dutyassistant/internal/mocks/store.go:123.2,123.49 1 0
github.com/korjavin/dutyassistant/internal/mocks/store.go:126.111,129.2 2 0
github.com/korjavin/dutyassistant/internal/mocks/store.go:131.77,134.2 2 0
github.com/korjavin/dutyassistant/internal/mocks/store.go:136.77,138.24 2 0
github.com/korjavin/dutyassistant/internal/mocks/store.go:138.24,140.3 1 0
github.com/korjavin/dutyassistant/internal/mocks/store.go:141.2,141.49 1 0
github.com/korjavin/dutyassistant/internal/mocks/store.go:144.113,146.24 2 0
github.com/korjavin/dutyassistant/internal/mocks/store.go:146.24,148.3 1 0
github.com/korjavin/dutyassistant/internal/mocks/store.go:149.2,149.51 1 0
github.com/korjavin/dutyassistant/internal/mocks/store.go:152.92,155.2 2 0
github.com/korjavin/dutyassistant/internal/mocks/store.go:157.88,160.2 2 0
github.com/korjavin/dutyassistant/internal/mocks/store.go:162.86,165.2 2 0
github.com/korjavin/dutyassistant/internal/mocks/store.go:167.82,170.2 2 0
github.com/korjavin/dutyassistant/internal/mocks/store.go:172.89,175.2 2 0
github.com/korjavin/dutyassistant/internal/mocks/store.go:177.92,179.24 2 0
github.com/korjavin/dutyassistant/internal/mocks/store.go:179.24,181.3 1 0
github.com/korjavin/dutyassistant/internal/mocks/store.go:182.2,182.51 1 0
github.com/korjavin/dutyassistant/internal/mocks/store.go:185.88,187.24 2 0
github.com/korjavin/dutyassistant/internal/mocks/store.go:187.24,189.3 1 0
github.com/korjavin/dutyassistant/internal/mocks/store.go:190.2,190.51 1 0
github.com/korjavin/dutyassistant/internal/mocks/store.go:193.95,196.2 2 0
github.com/korjavin/dutyassistant/internal/mocks/store.go:198.75,201.2 2 0
github.com/korjavin/dutyassistant/internal/mocks/store.go:203.100,206.2 2 0
github.com/korjavin/dutyassistant/internal/mocks/store.go:208.97,210.24 2 0
github.com/korjavin/dutyassistant/internal/mocks/store.go:210.24,212.3 1 0
github.com/korjavin/dutyassistant/internal/mocks/store.go:213.2,213.51 1 0
github.com/korjavin/dutyassistant/internal/mocks/store.go:216.145,219.2 2 0
github.com/korjavin/dutyassistant/internal/mocks/store.go:221.78,224.2 2 0
github.com/korjavin/dutyassistant/internal/mocks/store.go:226.71,229.2 2 0
github.com/korjavin/dutyassistant/internal/mocks/store.go:231.80,234.2 2 0
github.com/korjavin/dutyassistant/internal/mocks/store.go:236.104,238.24 2 0
github.com/korjavin/dutyassistant/internal/mocks/store.go:238.24,240.3 1 0
github.com/korjavin/dutyassistant/internal/mocks/store.go:241.2,241.50 1 0
github.com/korjavin/dutyassistant/internal/mocks/store.go:244.82,246.24 2 0
github.com/korjavin/dutyassistant/internal/mocks/store.go:246.24,248.3 1 0
github.com/korjavin/dutyassistant/internal/mocks/store.go:249.2,249.52 1 0
github.com/korjavin/dutyassistant/internal/mocks/store.go:252.104,254.24 2 0
github.com/korjavin/dutyassistant/internal/mocks/store.go:254.24,256.3 1 0
github.com/korjavin/dutyassistant/internal/mocks/store.go:257.2,257.52 1 0
github.com/korjavin/dutyassistant/internal/mocks/store.go:260.83,262.24 2 0
github.com/korjavin/dutyassistant/internal/mocks/store.go:262.24,264.3 1 0
github.com/korjavin/dutyassistant/internal/mocks/store.go:265.2,265.52 1 0
github.com/korjavin/dutyassistant/internal/mocks/store.go:268.93,271.2 2 0
github.com/korjavin/dutyassistant/internal/mocks/store.go:273.101,275.24 2 0
github.com/korjavin/dutyassistant/internal/mocks/store.go:275.24,277.3 1 0
github.com/korjavin/dutyassistant/internal/mocks/store.go:278.2,278.56 1 0
github.com/korjavin/dutyassistant/internal/mocks/store.go:281.112,283.24 2 0
github.com/korjavin/dutyassistant/internal/mocks/store.go:283.24,285.3 1 0
github.com/korjavin/dutyassistant/internal/mocks/store.go:286.2,286.60 1 0
github.com/korjavin/dutyassistant/internal/mocks/store.go:289.112,291.24 2 0
github.com/korjavin/dutyassistant/internal/mocks/store.go:291.24,293.3 1 0
github.com/korjavin/dutyassistant/internal/mocks/store.go:294.2,294.62 1 0
github.com/korjavin/dutyassistant/internal/mocks/store.go:297.81,300.2 2 0
github.com/korjavin/dutyassistant/internal/mocks/store.go:302.86,304.24 2 0
github.com/korjavin/dutyassistant/internal/mocks/store.go:304.24,306.3 1 0
github.com/korjavin/dutyassistant/internal/mocks/store.go:307.2,307.50 1 0
github.com/korjavin/dutyassistant/internal/mocks/store.go:310.83,313.2 2 0
github.com/korjavin/dutyassistant/internal/mocks/store.go:315.84,318.2 2 0
github.com/korjavin/dutyassistant/internal/mocks/store.go:320.133,323.2 2 0
github.com/korjavin/dutyassistant/internal/mocks/store.go:325.90,327.24 2 0
github.com/korjavin/dutyassistant/internal/mocks/store.go:327.24,329.3 1 0
github.com/korjavin/dutyassistant/internal/mocks/store.go:330.2,330.51 1 0
github.com/korjavin/dutyassistant/internal/mocks/store.go:333.132,335.24 2 0
github.com/korjavin/dutyassistant/internal/mocks/store.go:335.24,337.3 1 0
github.com/korjavin/dutyassistant/internal/mocks/store.go:338.2,338.69 1 0
github.com/korjavin/dutyassistant/internal/mocks/store.go:341.140,343.24 2 0
github.com/korjavin/dutyassistant/internal/mocks/store.go:343.24,345.3 1 0
github.com/korjavin/dutyassistant/internal/mocks/store.go:346.2,346.70 1 0
github.com/korjavin/dutyassistant/internal/mocks/store.go:350.98,353.2 2 0
github.com/korjavin/dutyassistant/internal/mocks/store.go:356.101,358.24 2 0
github.com/korjavin/dutyassistant/internal/mocks/store.go:358.24,360.3 1 0
github.com/korjavin/dutyassistant/internal/mocks/store.go:361.2,361.59 1 0
github.com/korjavin/dutyassistant/internal/mocks/store.go:365.100,367.24 2 0
github.com/korjavin/dutyassistant/internal/mocks/store.go:367.24,369.3 1 0
github.com/korjavin/dutyassistant/internal/mocks/store.go:370.2,370.61 1 0
github.com/korjavin/dutyassistant/internal/mocks/store.go:374.115,376.24 2 0
github.com/korjavin/dutyassistant/internal/mocks/store.go:376.24,378.3 1 0
github.com/korjavin/dutyassistant/internal/mocks/store.go:379.2,379.61 1 0
github.com/korjavin/dutyassistant/internal/mocks/store.go:383.105,386.2 2 0
github.com/korjavin/dutyassistant/internal/mocks/store.go:389.79,392.2 2 0
github.com/korjavin/dutyassistant/cmd/roster-bot/main.go:25.13,33.25 6 0
github.com/korjavin/dutyassistant/cmd/roster-bot/main.go:33.25,36.3 2 0
github.com/korjavin/dutyassistant/cmd/roster-bot/main.go:37.2,48.63 10 0
github.com/korjavin/dutyassistant/cmd/roster-bot/main.go:48.63,49.63 1 0
github.com/korjavin/dutyassistant/cmd/roster-bot/main.go:49.63,51.4 1 0
github.com/korjavin/dutyassistant/cmd/roster-bot/main.go:55.2,58.16 4 0
github.com/korjavin/dutyassistant/cmd/roster-bot/main.go:58.16,61.3 2 0
github.com/korjavin/dutyassistant/cmd/roster-bot/main.go:64.2,70.22 5 0
github.com/korjavin/dutyassistant/cmd/roster-bot/main.go:70.22,73.3 2 0
github.com/korjavin/dutyassistant/cmd/roster-bot/main.go:73.8,75.3 1 0
github.com/korjavin/dutyassistant/cmd/roster-bot/main.go:78.2,80.18 3 0
github.com/korjavin/dutyassistant/cmd/roster-bot/main.go:80.18,83.3 2 0
github.com/korjavin/dutyassistant/cmd/roster-bot/main.go:83.8,85.3 1 0
github.com/korjavin/dutyassistant/cmd/roster-bot/main.go:88.2,90.16 3 0
github.com/korjavin/dutyassistant/cmd/roster-bot/main.go:90.16,93.3 2 0
github.com/korjavin/dutyassistant/cmd/roster-bot/main.go:94.2,107.16 8 0
github.com/korjavin/dutyassistant/cmd/roster-bot/main.go:107.16,110.3 2 0
github.com/korjavin/dutyassistant/cmd/roster-bot/main.go:111.2,114.42 2 0
github.com/korjavin/dutyassistant/cmd/roster-bot/main.go:114.42,120.87 4 0
github.com/korjavin/dutyassistant/cmd/roster-bot/main.go:120.87,122.4 1 0
github.com/korjavin/dutyassistant/cmd/roster-bot/main.go:124.3,125.17 2 0
github.com/korjavin/dutyassistant/cmd/roster-bot/main.go:125.17,128.4 2 0
github.com/korjavin/dutyassistant/cmd/roster-bot/main.go:130.3,130.18 1 0
github.com/korjavin/dutyassistant/cmd/roster-bot/main.go:130.18,133.4 2 0
github.com/korjavin/dutyassistant/cmd/roster-bot/main.go:135.3,137.23 2 0
github.com/korjavin/dutyassistant/cmd/roster-bot/main.go:137.23,140.4 2 0
github.com/korjavin/dutyassistant/cmd/roster-bot/main.go:142.3,145.36 2 0
github.com/korjavin/dutyassistant/cmd/roster-bot/main.go:145.36,149.24 3 0
github.com/korjavin/dutyassistant/cmd/roster-bot/main.go:149.24,151.5 1 0
github.com/korjavin/dutyassistant/cmd/roster-bot/main.go:153.4,155.79 2 0
github.com/korjavin/dutyassistant/cmd/roster-bot/main.go:155.79,158.132 2 0
github.com/korjavin/dutyassistant/cmd/roster-bot/main.go:158.132,160.6 1 0
github.com/korjavin/dutyassistant/cmd/roster-bot/main.go:161.10,164.124 2 0
github.com/korjavin/dutyassistant/cmd/roster-bot/main.go:164.124,166.6 1 0
github.com/korjavin/dutyassistant/cmd/roster-bot/main.go:168.9,171.142 2 0
github.com/korjavin/dutyassistant/cmd/roster-bot/main.go:171.142,173.5 1 0
github.com/korjavin/dutyassistant/cmd/roster-bot/main.go:177.3,177.23 1 0
github.com/korjavin/dutyassistant/cmd/roster-bot/main.go:177.23,181.24 3 0
github.com/korjavin/dutyassistant/cmd/roster-bot/main.go:181.24,183.5 1 0
github.com/korjavin/dutyassistant/cmd/roster-bot/main.go:185.4,187.69 2 0
github.com/korjavin/dutyassistant/cmd/roster-bot/main.go:187.69,190.135 2 0
github.com/korjavin/dutyassistant/cmd/roster-bot/main.go:190.135,192.6 1 0
github.com/korjavin/dutyassistant/cmd/roster-bot/main.go:193.10,196.127 2 0
github.com/korjavin/dutyassistant/cmd/roster-bot/main.go:196.127,198.6 1 0
github.com/korjavin/dutyassistant/cmd/roster-bot/main.go:200.9,203.152 2 0
github.com/korjavin/dutyassistant/cmd/roster-bot/main.go:203.152,205.5 1 0
github.com/korjavin/dutyassistant/cmd/roster-bot/main.go:208.3,209.205 2 0
github.com/korjavin/dutyassistant/cmd/roster-bot/main.go:211.2,211.16 1 0
github.com/korjavin/dutyassistant/cmd/roster-bot/main.go:211.16,214.3 2 0
github.com/korjavin/dutyassistant/cmd/roster-bot/main.go:217.2,217.42 1 0
github.com/korjavin/dutyassistant/cmd/roster-bot/main.go:217.42,220.17 3 0
github.com/korjavin/dutyassistant/cmd/roster-bot/main.go:220.17,222.4 1 0
github.com/korjavin/dutyassistant/cmd/roster-bot/main.go:222.9,224.4 1 0
github.com/korjavin/dutyassistant/cmd/roster-bot/main.go:226.2,226.16 1 0
github.com/korjavin/dutyassistant/cmd/roster-bot/main.go:226.16,229.3 2 0
github.com/korjavin/dutyassistant/cmd/roster-bot/main.go:232.2,232.43 1 0
github.com/korjavin/dutyassistant/cmd/roster-bot/main.go:232.43,235.19 2 0
github.com/korjavin/dutyassistant/cmd/roster-bot/main.go:235.19,238.4 2 0
github.com/korjavin/dutyassistant/cmd/roster-bot/main.go:240.3,241.17 2 0
github.com/korjavin/dutyassistant/cmd/roster-bot/main.go:241.17,244.4 2 0
github.com/korjavin/dutyassistant/cmd/roster-bot/main.go:245.3,245.10 1 0
github.com/korjavin/dutyassistant/cmd/roster-bot/main.go:245.10,248.4 2 0
github.com/korjavin/dutyassistant/cmd/roster-bot/main.go:250.3,250.49 1 0
github.com/korjavin/dutyassistant/cmd/roster-bot/main.go:250.49,254.4 3 0
github.com/korjavin/dutyassistant/cmd/roster-bot/main.go:256.3,256.129 1 0
github.com/korjavin/dutyassistant/cmd/roster-bot/main.go:258.2,258.16 1 0
github.com/korjavin/dutyassistant/cmd/roster-bot/main.go:258.16,261.3 2 0
github.com/korjavin/dutyassistant/cmd/roster-bot/main.go:264.2,264.42 1 0
github.com/korjavin/dutyassistant/cmd/roster-bot/main.go:264.42,267.23 2 0
github.com/korjavin/dutyassistant/cmd/roster-bot/main.go:267.23,270.4 2 0
github.com/korjavin/dutyassistant/cmd/roster-bot/main.go:272.3,273.17 2 0
github.com/korjavin/dutyassistant/cmd/roster-bot/main.go:273.17,276.4 2 0
github.com/korjavin/dutyassistant/cmd/roster-bot/main.go:277.3,277.10 1 0
github.com/korjavin/dutyassistant/cmd/roster-bot/main.go:277.10,280.4 2 0
github.com/korjavin/dutyassistant/cmd/roster-bot/main.go:282.3,282.49 1 0
github.com/korjavin/dutyassistant/cmd/roster-bot/main.go:282.49,285.4 2 0
github.com/korjavin/dutyassistant/cmd/roster-bot/main.go:287.3,287.148 1 0
github.com/korjavin/dutyassistant/cmd/roster-bot/main.go:289.2,289.16 1 0
github.com/korjavin/dutyassistant/cmd/roster-bot/main.go:289.16,292.3 2 0
github.com/korjavin/dutyassistant/cmd/roster-bot/main.go:295.2,296.57 2 0
github.com/korjavin/dutyassistant/cmd/roster-bot/main.go:296.57,299.17 3 0
github.com/korjavin/dutyassistant/cmd/roster-bot/main.go:299.17,301.4 1 0
github.com/korjavin/dutyassistant/cmd/roster-bot/main.go:301.9,303.4 1 0
github.com/korjavin/dutyassistant/cmd/roster-bot/main.go:305.2,305.16 1 0
github.com/korjavin/dutyassistant/cmd/roster-bot/main.go:305.16,308.3 2 0
github.com/korjavin/dutyassistant/cmd/roster-bot/main.go:311.2,311.43 1 0
github.com/korjavin/dutyassistant/cmd/roster-bot/main.go:311.43,314.17 3 0
github.com/korjavin/dutyassistant/cmd/roster-bot/main.go:314.17,316.4 1 0
github.com/korjavin/dutyassistant/cmd/roster-bot/main.go:316.9,318.4 1 0
github.com/korjavin/dutyassistant/cmd/roster-bot/main.go:319.3,319.88 1 0
github.com/korjavin/dutyassistant/cmd/roster-bot/main.go:321.2,321.16 1 0
github.com/korjavin/dutyassistant/cmd/roster-bot/main.go:321.16,324.3 2 0
github.com/korjavin/dutyassistant/cmd/roster-bot/main.go:327.2,342.22 14 0
github.com/korjavin/dutyassistant/cmd/roster-bot/main.go:342.22,344.3 1 0
github.com/korjavin/dutyassistant/cmd/roster-bot/main.go:345.2,351.12 3 0
github.com/korjavin/dutyassistant/cmd/roster-bot/main.go:351.12,353.77 2 0
github.com/korjavin/dutyassistant/cmd/roster-bot/main.go:353.77,356.4 2 0
github.com/korjavin/dutyassistant/cmd/roster-bot/main.go:359.2,378.50 12 0
github.com/korjavin/dutyassistant/cmd/roster-bot/main.go:378.50,380.3 1 0
github.com/korjavin/dutyassistant/cmd/roster-bot/main.go:383.2,385.45 2 0
github.com/korjavin/dutyassistant/cmd/roster-bot/main.go:388.46,389.42 1 0
github.com/korjavin/dutyassistant/cmd/roster-bot/main.go:389.42,391.3 1 0
github.com/korjavin/dutyassistant/cmd/roster-bot/main.go:392.2,392.21 1 0
github.com/korjavin/dutyassistant/cmd/roster-bot/main.go:395.53,397.56 2 0
github.com/korjavin/dutyassistant/cmd/roster-bot/main.go:397.56,399.3 1 0
github.com/korjavin/dutyassistant/cmd/roster-bot/main.go:400.2,400.15 1 0
github.com/korjavin/dutyassistant/cmd/roster-bot/main.go:403.58,413.2 1 1
github.com/korjavin/dutyassistant/internal/telegram/keyboard/keyboard.go:20.47,29.2 1 0
github.com/korjavin/dutyassistant/internal/telegram/keyboard/keyboard.go:32.48,47.2 1 0
github.com/korjavin/dutyassistant/internal/telegram/keyboard/keyboard.go:52.104,60.32 6 0
github.com/korjavin/dutyassistant/internal/telegram/keyboard/keyboard.go:60.32,62.3 1 0
github.com/korjavin/dutyassistant/internal/telegram/keyboard/keyboard.go:65.2,66.30 2 0
github.com/korjavin/dutyassistant/internal/telegram/keyboard/keyboard.go:66.30,70.42 2 0
github.com/korjavin/dutyassistant/internal/telegram/keyboard/keyboard.go:70.42,72.4 1 0
github.com/korjavin/dutyassistant/internal/telegram/keyboard/keyboard.go:73.3,76.36 2 0
github.com/korjavin/dutyassistant/internal/telegram/keyboard/keyboard.go:76.36,80.4 3 0
github.com/korjavin/dutyassistant/internal/telegram/keyboard/keyboard.go:84.2,84.32 1 0
github.com/korjavin/dutyassistant/internal/telegram/keyboard/keyboard.go:84.32,85.92 1 0
github.com/korjavin/dutyassistant/internal/telegram/keyboard/keyboard.go:85.92,89.4 3 0
github.com/korjavin/dutyassistant/internal/telegram/keyboard/keyboard.go:93.2,121.17 9 0
github.com/korjavin/dutyassistant/internal/telegram/keyboard/keyboard.go:121.17,123.3 1 0
github.com/korjavin/dutyassistant/internal/telegram/keyboard/keyboard.go:123.8,125.3 1 0
github.com/korjavin/dutyassistant/internal/telegram/keyboard/keyboard.go:128.2,133.27 5 0
github.com/korjavin/dutyassistant/internal/telegram/keyboard/keyboard.go:133.27,134.26 1 0
github.com/korjavin/dutyassistant/internal/telegram/keyboard/keyboard.go:134.26,135.65 1 0
github.com/korjavin/dutyassistant/internal/telegram/keyboard/keyboard.go:135.65,137.5 1 0
github.com/korjavin/dutyassistant/internal/telegram/keyboard/keyboard.go:137.10,144.37 4 0
github.com/korjavin/dutyassistant/internal/telegram/keyboard/keyboard.go:144.37,148.54 3 0
github.com/korjavin/dutyassistant/internal/telegram/keyboard/keyboard.go:148.54,150.7 1 0
github.com/korjavin/dutyassistant/internal/telegram/keyboard/keyboard.go:150.12,152.7 1 0
github.com/korjavin/dutyassistant/internal/telegram/keyboard/keyboard.go:154.6,154.17 1 0
github.com/korjavin/dutyassistant/internal/telegram/keyboard/keyboard.go:154.17,157.7 1 0
github.com/korjavin/dutyassistant/internal/telegram/keyboard/keyboard.go:157.12,159.7 1 0
github.com/korjavin/dutyassistant/internal/telegram/keyboard/keyboard.go:160.11,162.17 1 0
github.com/korjavin/dutyassistant/internal/telegram/keyboard/keyboard.go:162.17,164.7 1 0
github.com/korjavin/dutyassistant/internal/telegram/keyboard/keyboard.go:164.12,166.7 1 0
github.com/korjavin/dutyassistant/internal/telegram/keyboard/keyboard.go:169.5,173.10 2 0
github.com/korjavin/dutyassistant/internal/telegram/keyboard/keyboard.go:176.3,177.49 2 0
github.com/korjavin/dutyassistant/internal/telegram/keyboard/keyboard.go:181.2,185.34 3 0
github.com/korjavin/dutyassistant/internal/telegram/keyboard/keyboard.go:185.34,188.36 3 0
github.com/korjavin/dutyassistant/internal/telegram/keyboard/keyboard.go:188.36,190.4 1 0
github.com/korjavin/dutyassistant/internal/telegram/keyboard/keyboard.go:190.9,192.4 1 0
github.com/korjavin/dutyassistant/internal/telegram/keyboard/keyboard.go:195.3,196.62 2 0
github.com/korjavin/dutyassistant/internal/telegram/keyboard/keyboard.go:196.62,198.4 1 0
github.com/korjavin/dutyassistant/internal/telegram/keyboard/keyboard.go:199.3,199.58 1 0
github.com/korjavin/dutyassistant/internal/telegram/keyboard/keyboard.go:199.58,201.4 1 0
github.com/korjavin/dutyassistant/internal/telegram/keyboard/keyboard.go:202.3,202.63 1 0
github.com/korjavin/dutyassistant/internal/telegram/keyboard/keyboard.go:202.63,204.4 1 0
github.com/korjavin/dutyassistant/internal/telegram/keyboard/keyboard.go:207.3,211.34 3 0
github.com/korjavin/dutyassistant/internal/telegram/keyboard/keyboard.go:211.34,213.4 1 0
github.com/korjavin/dutyassistant/internal/telegram/keyboard/keyboard.go:214.3,214.30 1 0
github.com/korjavin/dutyassistant/internal/telegram/keyboard/keyboard.go:214.30,216.4 1 0
github.com/korjavin/dutyassistant/internal/telegram/keyboard/keyboard.go:217.3,217.25 1 0
github.com/korjavin/dutyassistant/internal/telegram/keyboard/keyboard.go:217.25,219.4 1 0
github.com/korjavin/dutyassistant/internal/telegram/keyboard/keyboard.go:221.3,222.77 2 0
github.com/korjavin/dutyassistant/internal/telegram/keyboard/keyboard.go:225.2,225.54 1 0
github.com/korjavin/dutyassistant/internal/http/handlers/chores.go:14.53,23.30 2 1
github.com/korjavin/dutyassistant/internal/http/handlers/chores.go:23.30,30.20 3 1
github.com/korjavin/dutyassistant/internal/http/handlers/chores.go:30.20,33.4 2 1
github.com/korjavin/dutyassistant/internal/http/handlers/chores.go:35.3,36.17 2 1
github.com/korjavin/dutyassistant/internal/http/handlers/chores.go:36.17,39.4 2 1
github.com/korjavin/dutyassistant/internal/http/handlers/chores.go:41.3,42.32 2 1
github.com/korjavin/dutyassistant/internal/http/handlers/chores.go:42.32,44.25 2 1
github.com/korjavin/dutyassistant/internal/http/handlers/chores.go:44.25,46.5 1 1
github.com/korjavin/dutyassistant/internal/http/handlers/chores.go:48.4,54.6 1 1
github.com/korjavin/dutyassistant/internal/http/handlers/chores.go:57.3,57.51 1 1
github.com/korjavin/dutyassistant/internal/http/handlers/duties.go:14.54,19.30 2 1
github.com/korjavin/dutyassistant/internal/http/handlers/duties.go:19.30,21.48 2 1
github.com/korjavin/dutyassistant/internal/http/handlers/duties.go:21.48,24.4 2 0
github.com/korjavin/dutyassistant/internal/http/handlers/duties.go:27.3,28.17 2 1
github.com/korjavin/dutyassistant/internal/http/handlers/duties.go:28.17,31.4 2 0
github.com/korjavin/dutyassistant/internal/http/handlers/duties.go:34.3,35.25 2 1
github.com/korjavin/dutyassistant/internal/http/handlers/duties.go:35.25,38.4 2 0
github.com/korjavin/dutyassistant/internal/http/handlers/duties.go:44.3,54.68 3 1
github.com/korjavin/dutyassistant/internal/http/handlers/duties.go:54.68,57.4 2 0
github.com/korjavin/dutyassistant/internal/http/handlers/duties.go:59.3,59.31 1 1
github.com/korjavin/dutyassistant/internal/http/handlers/duties.go:65.53,71.30 2 1
github.com/korjavin/dutyassistant/internal/http/handlers/duties.go:71.30,73.48 2 1
github.com/korjavin/dutyassistant/internal/http/handlers/duties.go:73.48,76.4 2 0
github.com/korjavin/dutyassistant/internal/http/handlers/duties.go:78.3,79.17 2 1
github.com/korjavin/dutyassistant/internal/http/handlers/duties.go:79.17,82.4 2 0
github.com/korjavin/dutyassistant/internal/http/handlers/duties.go:84.3,93.68 3 1
github.com/korjavin/dutyassistant/internal/http/handlers/duties.go:93.68,96.4 2 0
github.com/korjavin/dutyassistant/internal/http/handlers/duties.go:98.3,98.31 1 1
github.com/korjavin/dutyassistant/internal/http/handlers/duties.go:104.53,109.30 2 1
github.com/korjavin/dutyassistant/internal/http/handlers/duties.go:109.30,111.59 2 1
github.com/korjavin/dutyassistant/internal/http/handlers/duties.go:111.59,114.4 2 0
github.com/korjavin/dutyassistant/internal/http/handlers/duties.go:116.3,117.48 2 1
github.com/korjavin/dutyassistant/internal/http/handlers/duties.go:117.48,120.4 2 0
github.com/korjavin/dutyassistant/internal/http/handlers/duties.go:123.3,124.17 2 1
github.com/korjavin/dutyassistant/internal/http/handlers/duties.go:124.17,127.4 2 0
github.com/korjavin/dutyassistant/internal/http/handlers/duties.go:130.3,131.40 2 1
github.com/korjavin/dutyassistant/internal/http/handlers/duties.go:131.40,134.4 2 0
github.com/korjavin/dutyassistant/internal/http/handlers/duties.go:137.3,141.73 2 1
github.com/korjavin/dutyassistant/internal/http/handlers/duties.go:141.73,144.4 2 0
github.com/korjavin/dutyassistant/internal/http/handlers/duties.go:146.3,146.26 1 1
github.com/korjavin/dutyassistant/internal/http/handlers/duties.go:152.53,153.30 1 1
github.com/korjavin/dutyassistant/internal/http/handlers/duties.go:153.30,156.17 3 1
github.com/korjavin/dutyassistant/internal/http/handlers/duties.go:156.17,159.4 2 0
github.com/korjavin/dutyassistant/internal/http/handlers/duties.go:161.3,161.69 1 1
github.com/korjavin/dutyassistant/internal/http/handlers/duties.go:161.69,166.4 2 0
github.com/korjavin/dutyassistant/internal/http/handlers/duties.go:168.3,168.33 1 1
github.com/korjavin/dutyassistant/internal/http/handlers/schedule.go:15.49,16.30 1 1
github.com/korjavin/dutyassistant/internal/http/handlers/schedule.go:16.30,18.17 2 1
github.com/korjavin/dutyassistant/internal/http/handlers/schedule.go:18.17,21.4 2 1
github.com/korjavin/dutyassistant/internal/http/handlers/schedule.go:23.3,24.17 2 1
github.com/korjavin/dutyassistant/internal/http/handlers/schedule.go:24.17,27.4 2 0
github.com/korjavin/dutyassistant/internal/http/handlers/schedule.go:29.3,29.30 1 1
github.com/korjavin/dutyassistant/internal/http/handlers/schedule.go:29.30,32.4 2 0
github.com/korjavin/dutyassistant/internal/http/handlers/schedule.go:34.3,35.17 2 1
github.com/korjavin/dutyassistant/internal/http/handlers/schedule.go:35.17,38.4 2 1
github.com/korjavin/dutyassistant/internal/http/handlers/schedule.go:41.3,57.31 5 1
github.com/korjavin/dutyassistant/internal/http/handlers/schedule.go:57.31,64.20 5 1
github.com/korjavin/dutyassistant/internal/http/handlers/schedule.go:64.20,66.25 2 1
github.com/korjavin/dutyassistant/internal/http/handlers/schedule.go:66.25,70.6 3 1
github.com/korjavin/dutyassistant/internal/http/handlers/schedule.go:71.10,71.31 1 1
github.com/korjavin/dutyassistant/internal/http/handlers/schedule.go:71.31,73.5 1 0
github.com/korjavin/dutyassistant/internal/http/handlers/schedule.go:75.4,83.6 1 1
github.com/korjavin/dutyassistant/internal/http/handlers/schedule.go:86.3,86.51 1 1
github.com/korjavin/dutyassistant/internal/http/handlers/schedule.go:92.50,93.30 1 0
github.com/korjavin/dutyassistant/internal/http/handlers/schedule.go:93.30,95.17 2 0
github.com/korjavin/dutyassistant/internal/http/handlers/schedule.go:95.17,98.4 2 0
github.com/korjavin/dutyassistant/internal/http/handlers/schedule.go:100.3,101.17 2 0
github.com/korjavin/dutyassistant/internal/http/handlers/schedule.go:101.17,104.4 2 0
github.com/korjavin/dutyassistant/internal/http/handlers/schedule.go:106.3,106.30 1 0
github.com/korjavin/dutyassistant/internal/http/handlers/schedule.go:106.30,109.4 2 0
github.com/korjavin/dutyassistant/internal/http/handlers/schedule.go:112.3,112.61 1 0
github.com/korjavin/dutyassistant/internal/http/handlers/users.go:13.46,14.30 1 1
github.com/korjavin/dutyassistant/internal/http/handlers/users.go:14.30,21.20 3 1
github.com/korjavin/dutyassistant/internal/http/handlers/users.go:21.20,24.4 2 0
github.com/korjavin/dutyassistant/internal/http/handlers/users.go:26.3,27.17 2 1
github.com/korjavin/dutyassistant/internal/http/handlers/users.go:27.17,30.4 2 0
github.com/korjavin/dutyassistant/internal/http/handlers/users.go:33.3,33.19 1 1
github.com/korjavin/dutyassistant/internal/http/handlers/users.go:33.19,35.4 1 0
github.com/korjavin/dutyassistant/internal/http/handlers/users.go:37.3,37.31 1 1
github.com/korjavin/dutyassistant/internal/http/handlers/who.go:22.52,36.15 7 1
github.com/korjavin/dutyassistant/internal/http/handlers/who.go:36.15,38.3 1 1
github.com/korjavin/dutyassistant/internal/http/handlers/who.go:38.8,38.22 1 1
github.com/korjavin/dutyassistant/internal/http/handlers/who.go:38.22,40.3 1 1
github.com/korjavin/dutyassistant/internal/http/handlers/who.go:40.8,40.21 1 1
github.com/korjavin/dutyassistant/internal/http/handlers/who.go:40.21,42.3 1 1
github.com/korjavin/dutyassistant/internal/http/handlers/who.go:42.8,42.23 1 1
github.com/korjavin/dutyassistant/internal/http/handlers/who.go:42.23,44.3 1 1
github.com/korjavin/dutyassistant/internal/http/handlers/who.go:44.8,46.3 1 1
github.com/korjavin/dutyassistant/internal/http/handlers/who.go:57.44,58.30 1 1
github.com/korjavin/dutyassistant/internal/http/handlers/who.go:58.30,60.17 2 1
github.com/korjavin/dutyassistant/internal/http/handlers/who.go:60.17,64.4 3 1
github.com/korjavin/dutyassistant/internal/http/handlers/who.go:66.3,67.17 2 1
github.com/korjavin/dutyassistant/internal/http/handlers/who.go:67.17,71.4 3 1
github.com/korjavin/dutyassistant/internal/http/handlers/who.go:73.3,74.32 2 1
github.com/korjavin/dutyassistant/internal/http/handlers/who.go:74.32,76.25 2 1
github.com/korjavin/dutyassistant/internal/http/handlers/who.go:76.25,78.5 1 1
github.com/korjavin/dutyassistant/internal/http/handlers/who.go:79.4,83.6 1 1
github.com/korjavin/dutyassistant/internal/http/handlers/who.go:86.3,87.38 2 1
github.com/korjavin/dutyassistant/internal/http/handlers/who.go:87.38,89.4 1 1
github.com/korjavin/dutyassistant/internal/http/handlers/who.go:91.3,94.5 1 1
github.com/korjavin/dutyassistant/internal/notification/formatter.go:17.57,18.37 1 1
github.com/korjavin/dutyassistant/internal/notification/formatter.go:18.37,20.3 1 1
github.com/korjavin/dutyassistant/internal/notification/formatter.go:21.2,27.3 2 1
github.com/korjavin/dutyassistant/internal/notification/formatter.go:32.61,33.37 1 1
github.com/korjavin/dutyassistant/internal/notification/formatter.go:33.37,35.3 1 1
github.com/korjavin/dutyassistant/internal/notification/formatter.go:36.2,42.3 2 1
github.com/korjavin/dutyassistant/internal/notification/formatter.go:46.50,47.37 1 1
github.com/korjavin/dutyassistant/internal/notification/formatter.go:47.37,49.3 1 0
github.com/korjavin/dutyassistant/internal/notification/formatter.go:50.2,55.3 2 1
github.com/korjavin/dutyassistant/internal/notification/formatter.go:59.73,60.24 1 1
github.com/korjavin/dutyassistant/internal/notification/formatter.go:61.37,62.34 1 1
github.com/korjavin/dutyassistant/internal/notification/formatter.go:63.33,64.28 1 1
github.com/korjavin/dutyassistant/internal/notification/formatter.go:65.38,66.25 1 1
github.com/korjavin/dutyassistant/internal/notification/formatter.go:67.10,68.26 1 0
github.com/korjavin/dutyassistant/internal/notification/formatter.go:74.38,76.37 2 1
github.com/korjavin/dutyassistant/internal/notification/formatter.go:76.37,78.3 1 1
github.com/korjavin/dutyassistant/internal/notification/formatter.go:79.2,79.10 1 1
github.com/korjavin/dutyassistant/internal/notification/notifier.go:43.151,54.2 1 1
github.com/korjavin/dutyassistant/internal/notification/notifier.go:57.28,62.16 4 0
github.com/korjavin/dutyassistant/internal/notification/notifier.go:62.16,65.3 2 0
github.com/korjavin/dutyassistant/internal/notification/notifier.go:66.2,66.16 1 0
github.com/korjavin/dutyassistant/internal/notification/notifier.go:70.27,72.19 2 0
github.com/korjavin/dutyassistant/internal/notification/notifier.go:72.19,75.3 2 0
github.com/korjavin/dutyassistant/internal/notification/notifier.go:76.2,76.44 1 0
github.com/korjavin/dutyassistant/internal/notification/notifier.go:81.37,93.16 7 1
github.com/korjavin/dutyassistant/internal/notification/notifier.go:93.16,97.3 1 1
github.com/korjavin/dutyassistant/internal/notification/notifier.go:99.2,99.17 1 1
github.com/korjavin/dutyassistant/internal/notification/notifier.go:99.17,102.23 2 1
github.com/korjavin/dutyassistant/internal/notification/notifier.go:102.23,106.4 2 1
github.com/korjavin/dutyassistant/internal/notification/notifier.go:107.3,107.17 1 1
github.com/korjavin/dutyassistant/internal/notification/notifier.go:111.2,111.17 1 1
github.com/korjavin/dutyassistant/internal/notification/notifier.go:111.17,114.25 2 1
github.com/korjavin/dutyassistant/internal/notification/notifier.go:114.25,116.4 1 0
github.com/korjavin/dutyassistant/internal/notification/notifier.go:118.3,121.49 3 1
github.com/korjavin/dutyassistant/internal/notification/notifier.go:121.49,123.4 1 1
github.com/korjavin/dutyassistant/internal/notification/notifier.go:123.9,125.4 1 1
github.com/korjavin/dutyassistant/internal/notification/notifier.go:128.3,128.56 1 1
github.com/korjavin/dutyassistant/internal/notification/notifier.go:128.56,130.26 2 1
github.com/korjavin/dutyassistant/internal/notification/notifier.go:130.26,132.5 1 0
github.com/korjavin/dutyassistant/internal/notification/notifier.go:134.4,137.47 3 1
github.com/korjavin/dutyassistant/internal/notification/notifier.go:137.47,139.5 1 1
github.com/korjavin/dutyassistant/internal/notification/notifier.go:139.10,141.5 1 1
github.com/korjavin/dutyassistant/internal/notification/notifier.go:142.9,144.4 1 0
github.com/korjavin/dutyassistant/internal/notification/notifier.go:149.138,151.12 2 1
github.com/korjavin/dutyassistant/internal/notification/notifier.go:151.12,153.27 2 1
github.com/korjavin/dutyassistant/internal/notification/notifier.go:153.27,156.4 2 1
github.com/korjavin/dutyassistant/internal/notification/notifier.go:159.2,160.16 2 1
github.com/korjavin/dutyassistant/internal/notification/notifier.go:160.16,162.3 1 0
github.com/korjavin/dutyassistant/internal/notification/notifier.go:164.2,164.22 1 1
github.com/korjavin/dutyassistant/internal/notification/notifier.go:164.22,165.19 1 1
github.com/korjavin/dutyassistant/internal/notification/notifier.go:165.19,168.4 2 1
github.com/korjavin/dutyassistant/internal/notification/notifier.go:169.3,169.13 1 1
github.com/korjavin/dutyassistant/internal/notification/notifier.go:169.13,170.67 1 1
github.com/korjavin/dutyassistant/internal/notification/notifier.go:170.67,172.5 1 0
github.com/korjavin/dutyassistant/internal/notification/notifier.go:174.3,174.13 1 1
github.com/korjavin/dutyassistant/internal/notification/notifier.go:177.2,178.16 2 0
github.com/korjavin/dutyassistant/internal/notification/notifier.go:178.16,180.3 1 0
github.com/korjavin/dutyassistant/internal/notification/notifier.go:181.2,188.31 6 0
github.com/korjavin/dutyassistant/internal/notification/notifier.go:188.31,193.22 4 0
github.com/korjavin/dutyassistant/internal/notification/notifier.go:193.22,195.4 1 0
github.com/korjavin/dutyassistant/internal/notification/notifier.go:197.3,198.24 2 0
github.com/korjavin/dutyassistant/internal/notification/notifier.go:198.24,199.38 1 0
github.com/korjavin/dutyassistant/internal/notification/notifier.go:199.38,201.5 1 0
github.com/korjavin/dutyassistant/internal/notification/notifier.go:201.10,203.5 1 0
github.com/korjavin/dutyassistant/internal/notification/notifier.go:204.9,206.4 1 0
github.com/korjavin/dutyassistant/internal/notification/notifier.go:208.3,210.23 2 0
github.com/korjavin/dutyassistant/internal/notification/notifier.go:210.23,212.4 1 0
github.com/korjavin/dutyassistant/internal/notification/notifier.go:212.9,212.30 1 0
github.com/korjavin/dutyassistant/internal/notification/notifier.go:212.30,214.4 1 0
github.com/korjavin/dutyassistant/internal/notification/notifier.go:214.9,217.69 2 0
github.com/korjavin/dutyassistant/internal/notification/notifier.go:217.69,222.5 4 0
github.com/korjavin/dutyassistant/internal/notification/notifier.go:226.2,226.18 1 0
github.com/korjavin/dutyassistant/internal/notification/notifier.go:226.18,230.24 3 0
github.com/korjavin/dutyassistant/internal/notification/notifier.go:230.24,232.34 2 0
github.com/korjavin/dutyassistant/internal/notification/notifier.go:232.34,234.5 1 0
github.com/korjavin/dutyassistant/internal/notification/notifier.go:235.4,235.36 1 0
github.com/korjavin/dutyassistant/internal/notification/notifier.go:238.3,238.22 1 0
github.com/korjavin/dutyassistant/internal/notification/notifier.go:238.22,240.32 2 0
github.com/korjavin/dutyassistant/internal/notification/notifier.go:240.32,242.5 1 0
github.com/korjavin/dutyassistant/internal/notification/notifier.go:243.4,243.36 1 0
github.com/korjavin/dutyassistant/internal/notification/notifier.go:246.3,246.21 1 0
github.com/korjavin/dutyassistant/internal/notification/notifier.go:246.21,248.31 2 0
github.com/korjavin/dutyassistant/internal/notification/notifier.go:248.31,250.5 1 0
github.com/korjavin/dutyassistant/internal/notification/notifier.go:253.3,256.17 4 0
github.com/korjavin/dutyassistant/internal/notification/notifier.go:256.17,259.4 2 0
github.com/korjavin/dutyassistant/internal/notification/notifier.go:262.2,262.12 1 0
github.com/korjavin/dutyassistant/internal/notification/notifier.go:262.12,263.66 1 0
github.com/korjavin/dutyassistant/internal/notification/notifier.go:263.66,265.4 1 0
github.com/korjavin/dutyassistant/internal/notification/notifier.go:268.2,268.12 1 0
github.com/korjavin/dutyassistant/internal/notification/notifier.go:271.64,272.33 1 1
github.com/korjavin/dutyassistant/internal/notification/notifier.go:272.33,274.3 1 1
github.com/korjavin/dutyassistant/internal/notification/notifier.go:275.2,276.25 2 1
github.com/korjavin/dutyassistant/internal/notification/notifier.go:276.25,278.3 1 1
github.com/korjavin/dutyassistant/internal/notification/notifier.go:279.2,279.86 1 1
github.com/korjavin/dutyassistant/internal/notification/notifier.go:282.77,283.21 1 1
github.com/korjavin/dutyassistant/internal/notification/notifier.go:283.21,285.3 1 1
github.com/korjavin/dutyassistant/internal/notification/notifier.go:289.2,290.34 2 1
github.com/korjavin/dutyassistant/internal/notification/notifier.go:290.34,291.54 1 1
github.com/korjavin/dutyassistant/internal/notification/notifier.go:291.54,293.4 1 1
github.com/korjavin/dutyassistant/internal/notification/notifier.go:293.9,293.62 1 1
github.com/korjavin/dutyassistant/internal/notification/notifier.go:293.62,294.55 1 1
github.com/korjavin/dutyassistant/internal/notification/notifier.go:294.55,296.5 1 0
github.com/korjavin/dutyassistant/internal/notification/notifier.go:300.2,300.15 1 1
github.com/korjavin/dutyassistant/internal/notification/notifier.go:303.45,308.11 5 1
github.com/korjavin/dutyassistant/internal/notification/notifier.go:308.11,310.3 1 1
github.com/korjavin/dutyassistant/internal/notification/notifier.go:310.8,310.18 1 1
github.com/korjavin/dutyassistant/internal/notification/notifier.go:310.18,312.3 1 1
github.com/korjavin/dutyassistant/internal/notification/notifier.go:313.2,313.30 1 0
github.com/korjavin/dutyassistant/internal/notification/notifier.go:317.107,318.18 1 1
github.com/korjavin/dutyassistant/internal/notification/notifier.go:318.18,320.3 1 0
github.com/korjavin/dutyassistant/internal/notification/notifier.go:322.2,323.16 2 1
github.com/korjavin/dutyassistant/internal/notification/notifier.go:323.16,325.3 1 0
github.com/korjavin/dutyassistant/internal/notification/notifier.go:327.2,329.16 3 1
github.com/korjavin/dutyassistant/internal/notification/notifier.go:329.16,331.3 1 0
github.com/korjavin/dutyassistant/internal/notification/notifier.go:333.2,337.26 4 1
github.com/korjavin/dutyassistant/internal/notification/notifier.go:337.26,339.3 1 0
github.com/korjavin/dutyassistant/internal/notification/notifier.go:339.8,340.36 1 1
github.com/korjavin/dutyassistant/internal/notification/notifier.go:340.36,342.4 1 1
github.com/korjavin/dutyassistant/internal/notification/notifier.go:344.2,347.27 3 1
github.com/korjavin/dutyassistant/internal/notification/notifier.go:347.27,349.3 1 0
github.com/korjavin/dutyassistant/internal/notification/notifier.go:349.8,351.36 2 1
github.com/korjavin/dutyassistant/internal/notification/notifier.go:351.36,352.47 1 1
github.com/korjavin/dutyassistant/internal/notification/notifier.go:352.47,354.5 1 1
github.com/korjavin/dutyassistant/internal/notification/notifier.go:357.3,357.36 1 1
github.com/korjavin/dutyassistant/internal/notification/notifier.go:357.36,361.31 3 1
github.com/korjavin/dutyassistant/internal/notification/notifier.go:361.31,363.5 1 1
github.com/korjavin/dutyassistant/internal/notification/notifier.go:365.4,368.59 4 1
github.com/korjavin/dutyassistant/internal/notification/notifier.go:371.3,372.20 2 1
github.com/korjavin/dutyassistant/internal/notification/notifier.go:372.20,374.34 2 1
github.com/korjavin/dutyassistant/internal/notification/notifier.go:374.34,376.5 1 1
github.com/korjavin/dutyassistant/internal/notification/notifier.go:376.10,378.5 1 0
github.com/korjavin/dutyassistant/internal/notification/notifier.go:382.2,385.12 4 1
github.com/korjavin/dutyassistant/internal/notification/periodic_chore_reminder.go:20.102,22.16 2 0
github.com/korjavin/dutyassistant/internal/notification/periodic_chore_reminder.go:22.16,25.3 2 0
github.com/korjavin/dutyassistant/internal/notification/periodic_chore_reminder.go:27.2,29.6 2 0
github.com/korjavin/dutyassistant/internal/notification/periodic_chore_reminder.go:29.6,35.10 4 0
github.com/korjavin/dutyassistant/internal/notification/periodic_chore_reminder.go:36.21,38.10 2 0
github.com/korjavin/dutyassistant/internal/notification/periodic_chore_reminder.go:39.35,40.60 1 0
github.com/korjavin/dutyassistant/internal/notification/periodic_chore_reminder.go:49.68,57.15 5 1
github.com/korjavin/dutyassistant/internal/notification/periodic_chore_reminder.go:57.15,61.3 2 1
github.com/korjavin/dutyassistant/internal/notification/periodic_chore_reminder.go:63.2,63.16 1 1
github.com/korjavin/dutyassistant/internal/notification/periodic_chore_reminder.go:63.16,68.3 3 1
github.com/korjavin/dutyassistant/internal/notification/periodic_chore_reminder.go:70.2,70.13 1 1
github.com/korjavin/dutyassistant/internal/notification/periodic_chore_reminder.go:73.111,77.29 2 1
github.com/korjavin/dutyassistant/internal/notification/periodic_chore_reminder.go:77.29,80.3 2 1
github.com/korjavin/dutyassistant/internal/notification/periodic_chore_reminder.go:82.2,83.16 2 1
github.com/korjavin/dutyassistant/internal/notification/periodic_chore_reminder.go:83.16,86.3 2 0
github.com/korjavin/dutyassistant/internal/notification/periodic_chore_reminder.go:88.2,88.22 1 1
github.com/korjavin/dutyassistant/internal/notification/periodic_chore_reminder.go:88.22,90.3 1 1
github.com/korjavin/dutyassistant/internal/notification/periodic_chore_reminder.go:92.2,93.31 2 1
github.com/korjavin/dutyassistant/internal/notification/periodic_chore_reminder.go:93.31,94.58 1 1
github.com/korjavin/dutyassistant/internal/notification/periodic_chore_reminder.go:94.58,96.4 1 1
github.com/korjavin/dutyassistant/internal/notification/periodic_chore_reminder.go:99.2,99.43 1 1
github.com/korjavin/dutyassistant/internal/notification/periodic_chore_reminder.go:99.43,101.16 2 1
github.com/korjavin/dutyassistant/internal/notification/periodic_chore_reminder.go:101.16,102.12 1 0
github.com/korjavin/dutyassistant/internal/notification/periodic_chore_reminder.go:105.3,106.17 2 1
github.com/korjavin/dutyassistant/internal/notification/periodic_chore_reminder.go:106.17,108.4 1 0
github.com/korjavin/dutyassistant/internal/notification/periodic_chore_reminder.go:108.9,110.4 1 1
github.com/korjavin/dutyassistant/internal/notification/periodic_formatter.go:13.84,14.22 1 1
github.com/korjavin/dutyassistant/internal/notification/periodic_formatter.go:14.22,16.3 1 1
github.com/korjavin/dutyassistant/internal/notification/periodic_formatter.go:18.2,18.16 1 1
github.com/korjavin/dutyassistant/internal/notification/periodic_formatter.go:18.16,20.3 1 0
github.com/korjavin/dutyassistant/internal/notification/periodic_formatter.go:22.2,25.31 3 1
github.com/korjavin/dutyassistant/internal/notification/periodic_formatter.go:25.31,27.33 2 1
github.com/korjavin/dutyassistant/internal/notification/periodic_formatter.go:27.33,29.4 1 1
github.com/korjavin/dutyassistant/internal/notification/periodic_formatter.go:31.3,31.115 1 1
github.com/korjavin/dutyassistant/internal/notification/periodic_formatter.go:34.2,36.20 2 1
github.com/korjavin/dutyassistant/internal/http/middleware/auth.go:32.67,33.30 1 0
github.com/korjavin/dutyassistant/internal/http/middleware/auth.go:33.30,35.23 2 0
github.com/korjavin/dutyassistant/internal/http/middleware/auth.go:35.23,38.4 2 0
github.com/korjavin/dutyassistant/internal/http/middleware/auth.go:40.3,41.60 2 0
github.com/korjavin/dutyassistant/internal/http/middleware/auth.go:41.60,44.4 2 0
github.com/korjavin/dutyassistant/internal/http/middleware/auth.go:46.3,50.66 2 0
github.com/korjavin/dutyassistant/internal/http/middleware/auth.go:50.66,53.4 2 0
github.com/korjavin/dutyassistant/internal/http/middleware/auth.go:55.3,58.38 2 0
github.com/korjavin/dutyassistant/internal/http/middleware/auth.go:58.38,61.4 2 0
github.com/korjavin/dutyassistant/internal/http/middleware/auth.go:64.3,65.17 2 0
github.com/korjavin/dutyassistant/internal/http/middleware/auth.go:65.17,69.4 2 0
github.com/korjavin/dutyassistant/internal/http/middleware/auth.go:72.3,72.21 1 0
github.com/korjavin/dutyassistant/internal/http/middleware/auth.go:72.21,75.4 2 0
github.com/korjavin/dutyassistant/internal/http/middleware/auth.go:78.3,81.11 3 0
github.com/korjavin/dutyassistant/internal/http/middleware/auth.go:88.38,89.30 1 0
github.com/korjavin/dutyassistant/internal/http/middleware/auth.go:89.30,91.25 2 0
github.com/korjavin/dutyassistant/internal/http/middleware/auth.go:91.25,95.4 2 0
github.com/korjavin/dutyassistant/internal/http/middleware/auth.go:97.3,97.20 1 0
github.com/korjavin/dutyassistant/internal/http/middleware/auth.go:97.20,100.4 2 0
github.com/korjavin/dutyassistant/internal/http/middleware/auth.go:102.3,102.11 1 0
github.com/korjavin/dutyassistant/internal/http/middleware/auth.go:109.67,110.30 1 0
github.com/korjavin/dutyassistant/internal/http/middleware/auth.go:110.30,112.23 2 0
github.com/korjavin/dutyassistant/internal/http/middleware/auth.go:112.23,116.4 3 0
github.com/korjavin/dutyassistant/internal/http/middleware/auth.go:118.3,121.60 3 0
github.com/korjavin/dutyassistant/internal/http/middleware/auth.go:121.60,125.4 3 0
github.com/korjavin/dutyassistant/internal/http/middleware/auth.go:127.3,130.66 3 0
github.com/korjavin/dutyassistant/internal/http/middleware/auth.go:130.66,134.4 3 0
github.com/korjavin/dutyassistant/internal/http/middleware/auth.go:136.3,137.38 2 0
github.com/korjavin/dutyassistant/internal/http/middleware/auth.go:137.38,141.4 3 0
github.com/korjavin/dutyassistant/internal/http/middleware/auth.go:143.3,146.32 3 0
github.com/korjavin/dutyassistant/internal/http/middleware/auth.go:146.32,150.4 3 0
github.com/korjavin/dutyassistant/internal/http/middleware/auth.go:152.3,158.11 4 0
github.com/korjavin/dutyassistant/internal/http/middleware/hmac.go:26.46,27.30 1 1
github.com/korjavin/dutyassistant/internal/http/middleware/hmac.go:27.30,28.19 1 1
github.com/korjavin/dutyassistant/internal/http/middleware/hmac.go:28.19,31.4 2 1
github.com/korjavin/dutyassistant/internal/http/middleware/hmac.go:33.3,36.40 3 1
github.com/korjavin/dutyassistant/internal/http/middleware/hmac.go:36.40,39.4 2 1
github.com/korjavin/dutyassistant/internal/http/middleware/hmac.go:41.3,42.17 2 1
github.com/korjavin/dutyassistant/internal/http/middleware/hmac.go:42.17,45.4 2 1
github.com/korjavin/dutyassistant/internal/http/middleware/hmac.go:47.3,48.94 2 1
github.com/korjavin/dutyassistant/internal/http/middleware/hmac.go:48.94,51.4 2 1
github.com/korjavin/dutyassistant/internal/http/middleware/hmac.go:53.3,60.60 6 1
github.com/korjavin/dutyassistant/internal/http/middleware/hmac.go:60.60,63.4 2 1
github.com/korjavin/dutyassistant/internal/http/middleware/hmac.go:65.3,65.11 1 1
github.com/korjavin/dutyassistant/internal/http/middleware/ratelimit.go:27.59,39.2 3 1
github.com/korjavin/dutyassistant/internal/http/middleware/ratelimit.go:42.48,43.6 1 1
github.com/korjavin/dutyassistant/internal/http/middleware/ratelimit.go:43.6,46.33 3 1
github.com/korjavin/dutyassistant/internal/http/middleware/ratelimit.go:46.33,47.53 1 0
github.com/korjavin/dutyassistant/internal/http/middleware/ratelimit.go:47.53,49.5 1 0
github.com/korjavin/dutyassistant/internal/http/middleware/ratelimit.go:51.3,51.16 1 0
github.com/korjavin/dutyassistant/internal/http/middleware/ratelimit.go:56.61,61.13 4 1
github.com/korjavin/dutyassistant/internal/http/middleware/ratelimit.go:61.13,64.14 3 1
github.com/korjavin/dutyassistant/internal/http/middleware/ratelimit.go:64.14,70.4 2 1
github.com/korjavin/dutyassistant/internal/http/middleware/ratelimit.go:70.9,72.4 1 0
github.com/korjavin/dutyassistant/internal/http/middleware/ratelimit.go:73.3,73.16 1 1
github.com/korjavin/dutyassistant/internal/http/middleware/ratelimit.go:74.8,78.3 3 1
github.com/korjavin/dutyassistant/internal/http/middleware/ratelimit.go:80.2,80.23 1 1
github.com/korjavin/dutyassistant/internal/http/middleware/ratelimit.go:84.66,85.30 1 1
github.com/korjavin/dutyassistant/internal/http/middleware/ratelimit.go:85.30,88.17 3 1
github.com/korjavin/dutyassistant/internal/http/middleware/ratelimit.go:88.17,93.4 2 1
github.com/korjavin/dutyassistant/internal/http/middleware/ratelimit.go:94.3,94.11 1 1
github.com/korjavin/dutyassistant/internal/http/middleware/ratelimit.go:99.38,101.2 1 0
github.com/korjavin/dutyassistant/internal/http/middleware/ratelimit.go:103.37,105.2 1 0
github.com/korjavin/dutyassistant/internal/http/middleware/ratelimit.go:107.40,109.2 1 0
github.com/korjavin/dutyassistant/internal/http/middleware/security.go:8.40,9.30 1 1
github.com/korjavin/dutyassistant/internal/http/middleware/security.go:9.30,16.3 6 1
github.com/korjavin/dutyassistant/internal/scheduler/adapter.go:45.87,47.2 1 0
github.com/korjavin/dutyassistant/internal/scheduler/adapter.go:50.89,52.2 1 0
github.com/korjavin/dutyassistant/internal/scheduler/adapter.go:55.93,57.2 1 0
github.com/korjavin/dutyassistant/internal/scheduler/adapter.go:60.94,62.2 1 0
github.com/korjavin/dutyassistant/internal/scheduler/explain.go:15.80,17.16 2 1
github.com/korjavin/dutyassistant/internal/scheduler/explain.go:17.16,19.3 1 0
github.com/korjavin/dutyassistant/internal/scheduler/explain.go:20.2,20.45 1 1
github.com/korjavin/dutyassistant/internal/scheduler/explain.go:20.45,22.3 1 1
github.com/korjavin/dutyassistant/internal/scheduler/explain.go:24.2,26.16 3 1
github.com/korjavin/dutyassistant/internal/scheduler/explain.go:26.16,28.3 1 0
github.com/korjavin/dutyassistant/internal/scheduler/explain.go:30.2,31.16 2 1
github.com/korjavin/dutyassistant/internal/scheduler/explain.go:31.16,33.3 1 0
github.com/korjavin/dutyassistant/internal/scheduler/explain.go:35.2,36.16 2 1
github.com/korjavin/dutyassistant/internal/scheduler/explain.go:36.16,38.3 1 0
github.com/korjavin/dutyassistant/internal/scheduler/explain.go:40.2,47.25 6 1
github.com/korjavin/dutyassistant/internal/scheduler/explain.go:47.25,49.34 2 1
github.com/korjavin/dutyassistant/internal/scheduler/explain.go:49.34,51.4 1 1
github.com/korjavin/dutyassistant/internal/scheduler/explain.go:54.2,54.34 1 1
github.com/korjavin/dutyassistant/internal/scheduler/explain.go:54.34,56.3 1 1
github.com/korjavin/dutyassistant/internal/scheduler/explain.go:58.2,59.33 2 1
github.com/korjavin/dutyassistant/internal/scheduler/explain.go:60.37,61.153 1 1
github.com/korjavin/dutyassistant/internal/scheduler/explain.go:62.33,63.198 1 1
github.com/korjavin/dutyassistant/internal/scheduler/explain.go:64.38,65.151 1 1
github.com/korjavin/dutyassistant/internal/scheduler/explain.go:68.2,70.26 2 1
github.com/korjavin/dutyassistant/internal/scheduler/explain.go:74.95,77.16 3 1
github.com/korjavin/dutyassistant/internal/scheduler/explain.go:77.16,79.3 1 0
github.com/korjavin/dutyassistant/internal/scheduler/explain.go:81.2,82.30 2 1
github.com/korjavin/dutyassistant/internal/scheduler/explain.go:82.30,83.55 1 1
github.com/korjavin/dutyassistant/internal/scheduler/explain.go:83.55,85.4 1 1
github.com/korjavin/dutyassistant/internal/scheduler/explain.go:87.2,87.24 1 1
github.com/korjavin/dutyassistant/internal/scheduler/explain.go:91.122,93.16 2 1
github.com/korjavin/dutyassistant/internal/scheduler/explain.go:93.16,95.3 1 0
github.com/korjavin/dutyassistant/internal/scheduler/explain.go:97.2,98.26 2 1
github.com/korjavin/dutyassistant/internal/scheduler/explain.go:98.26,100.3 1 1
github.com/korjavin/dutyassistant/internal/scheduler/explain.go:101.2,101.33 1 1
github.com/korjavin/dutyassistant/internal/scheduler/explain.go:101.33,103.3 1 1
github.com/korjavin/dutyassistant/internal/scheduler/explain.go:105.2,105.27 1 1
github.com/korjavin/dutyassistant/internal/scheduler/explain.go:109.158,111.118 2 1
github.com/korjavin/dutyassistant/internal/scheduler/explain.go:111.118,112.30 1 1
github.com/korjavin/dutyassistant/internal/scheduler/explain.go:112.30,113.27 1 1
github.com/korjavin/dutyassistant/internal/scheduler/explain.go:113.27,114.13 1 1
github.com/korjavin/dutyassistant/internal/scheduler/explain.go:117.4,118.64 2 1
github.com/korjavin/dutyassistant/internal/scheduler/explain.go:118.64,120.5 1 1
github.com/korjavin/dutyassistant/internal/scheduler/explain.go:120.10,122.5 1 1
github.com/korjavin/dutyassistant/internal/scheduler/explain.go:125.4,125.31 1 1
github.com/korjavin/dutyassistant/internal/scheduler/explain.go:125.31,127.5 1 1
github.com/korjavin/dutyassistant/internal/scheduler/explain.go:129.4,129.29 1 1
github.com/korjavin/dutyassistant/internal/scheduler/explain.go:129.29,131.5 1 1
github.com/korjavin/dutyassistant/internal/scheduler/explain.go:135.2,136.63 2 1
github.com/korjavin/dutyassistant/internal/scheduler/explain.go:136.63,137.30 1 1
github.com/korjavin/dutyassistant/internal/scheduler/explain.go:137.30,138.28 1 1
github.com/korjavin/dutyassistant/internal/scheduler/explain.go:138.28,139.52 1 1
github.com/korjavin/dutyassistant/internal/scheduler/explain.go:139.52,141.6 1 1
github.com/korjavin/dutyassistant/internal/scheduler/explain.go:145.2,145.32 1 1
github.com/korjavin/dutyassistant/internal/scheduler/explain.go:155.34,160.32 4 1
github.com/korjavin/dutyassistant/internal/scheduler/explain.go:160.32,165.14 3 1
github.com/korjavin/dutyassistant/internal/scheduler/explain.go:165.14,167.12 2 1
github.com/korjavin/dutyassistant/internal/scheduler/explain.go:170.3,171.64 2 1
github.com/korjavin/dutyassistant/internal/scheduler/explain.go:171.64,173.24 2 1
github.com/korjavin/dutyassistant/internal/scheduler/explain.go:173.24,175.5 1 1
github.com/korjavin/dutyassistant/internal/scheduler/explain.go:175.10,177.5 1 1
github.com/korjavin/dutyassistant/internal/scheduler/explain.go:178.9,178.126 1 1
github.com/korjavin/dutyassistant/internal/scheduler/explain.go:178.126,181.64 3 1
github.com/korjavin/dutyassistant/internal/scheduler/explain.go:181.64,184.5 2 1
github.com/korjavin/dutyassistant/internal/scheduler/explain.go:184.10,186.5 1 1
github.com/korjavin/dutyassistant/internal/scheduler/explain.go:188.4,188.34 1 1
github.com/korjavin/dutyassistant/internal/scheduler/explain.go:188.34,190.5 1 1
github.com/korjavin/dutyassistant/internal/scheduler/explain.go:192.4,192.29 1 1
github.com/korjavin/dutyassistant/internal/scheduler/explain.go:192.29,193.19 1 1
github.com/korjavin/dutyassistant/internal/scheduler/explain.go:193.19,195.6 1 1
github.com/korjavin/dutyassistant/internal/scheduler/explain.go:195.11,197.6 1 0
github.com/korjavin/dutyassistant/internal/scheduler/explain.go:198.10,198.50 1 1
github.com/korjavin/dutyassistant/internal/scheduler/explain.go:198.50,200.5 1 1
github.com/korjavin/dutyassistant/internal/scheduler/explain.go:203.3,203.18 1 1
github.com/korjavin/dutyassistant/internal/scheduler/explain.go:203.18,205.4 1 1
github.com/korjavin/dutyassistant/internal/scheduler/explain.go:208.2,211.52 3 1
github.com/korjavin/dutyassistant/internal/scheduler/scheduler.go:18.45,20.2 1 1
github.com/korjavin/dutyassistant/internal/scheduler/scheduler.go:23.92,24.15 1 1
github.com/korjavin/dutyassistant/internal/scheduler/scheduler.go:24.15,26.3 1 0
github.com/korjavin/dutyassistant/internal/scheduler/scheduler.go:27.2,27.55 1 1
github.com/korjavin/dutyassistant/internal/scheduler/scheduler.go:31.88,32.15 1 1
github.com/korjavin/dutyassistant/internal/scheduler/scheduler.go:32.15,34.3 1 0
github.com/korjavin/dutyassistant/internal/scheduler/scheduler.go:35.2,35.51 1 1
github.com/korjavin/dutyassistant/internal/scheduler/scheduler.go:39.89,40.15 1 1
github.com/korjavin/dutyassistant/internal/scheduler/scheduler.go:40.15,42.3 1 0
github.com/korjavin/dutyassistant/internal/scheduler/scheduler.go:43.2,43.52 1 1
github.com/korjavin/dutyassistant/internal/scheduler/scheduler.go:47.95,49.23 1 1
github.com/korjavin/dutyassistant/internal/scheduler/scheduler.go:49.23,51.3 1 1
github.com/korjavin/dutyassistant/internal/scheduler/scheduler.go:52.2,52.52 1 1
github.com/korjavin/dutyassistant/internal/scheduler/scheduler.go:56.75,58.2 1 1
github.com/korjavin/dutyassistant/internal/scheduler/scheduler.go:62.80,65.16 2 0
github.com/korjavin/dutyassistant/internal/scheduler/scheduler.go:65.16,67.3 1 0
github.com/korjavin/dutyassistant/internal/scheduler/scheduler.go:68.2,68.16 1 0
github.com/korjavin/dutyassistant/internal/scheduler/scheduler.go:68.16,70.3 1 0
github.com/korjavin/dutyassistant/internal/scheduler/scheduler.go:72.2,77.27 4 0
github.com/korjavin/dutyassistant/internal/scheduler/scheduler.go:77.27,79.3 1 0
github.com/korjavin/dutyassistant/internal/scheduler/scheduler.go:81.2,85.39 3 0
github.com/korjavin/dutyassistant/internal/scheduler/scheduler.go:85.39,87.3 1 0
github.com/korjavin/dutyassistant/internal/scheduler/scheduler.go:90.2,91.16 2 0
github.com/korjavin/dutyassistant/internal/scheduler/scheduler.go:91.16,93.3 1 0
github.com/korjavin/dutyassistant/internal/scheduler/scheduler.go:96.2,98.25 2 0
github.com/korjavin/dutyassistant/internal/scheduler/scheduler.go:98.25,102.17 3 0
github.com/korjavin/dutyassistant/internal/scheduler/scheduler.go:102.17,104.4 1 0
github.com/korjavin/dutyassistant/internal/scheduler/scheduler.go:106.3,107.19 2 0
github.com/korjavin/dutyassistant/internal/scheduler/scheduler.go:111.2,112.16 2 0
github.com/korjavin/dutyassistant/internal/scheduler/scheduler.go:112.16,114.3 1 0
github.com/korjavin/dutyassistant/internal/scheduler/scheduler.go:117.2,119.28 2 0
github.com/korjavin/dutyassistant/internal/scheduler/scheduler.go:119.28,123.17 3 0
github.com/korjavin/dutyassistant/internal/scheduler/scheduler.go:123.17,125.4 1 0
github.com/korjavin/dutyassistant/internal/scheduler/scheduler.go:127.3,128.19 2 0
github.com/korjavin/dutyassistant/internal/scheduler/scheduler.go:132.2,133.16 2 0
github.com/korjavin/dutyassistant/internal/scheduler/scheduler.go:133.16,135.3 1 0
github.com/korjavin/dutyassistant/internal/scheduler/scheduler.go:138.2,140.24 2 0
github.com/korjavin/dutyassistant/internal/scheduler/scheduler.go:140.24,142.3 1 0
github.com/korjavin/dutyassistant/internal/scheduler/scheduler.go:145.2,147.16 3 0
github.com/korjavin/dutyassistant/internal/scheduler/scheduler.go:147.16,149.3 1 0
github.com/korjavin/dutyassistant/internal/scheduler/scheduler.go:151.2,151.18 1 0
github.com/korjavin/dutyassistant/internal/scheduler/scheduler.go:155.112,157.16 2 0
github.com/korjavin/dutyassistant/internal/scheduler/scheduler.go:157.16,159.3 1 0
github.com/korjavin/dutyassistant/internal/scheduler/scheduler.go:160.2,161.33 2 0
github.com/korjavin/dutyassistant/internal/scheduler/scheduler.go:161.33,163.3 1 0
github.com/korjavin/dutyassistant/internal/scheduler/scheduler.go:165.2,166.29 2 0
github.com/korjavin/dutyassistant/internal/scheduler/scheduler.go:166.29,167.27 1 0
github.com/korjavin/dutyassistant/internal/scheduler/scheduler.go:167.27,169.4 1 0
github.com/korjavin/dutyassistant/internal/scheduler/scheduler.go:171.2,171.18 1 0
github.com/korjavin/dutyassistant/internal/scheduler/scheduler.go:176.99,177.21 1 0
github.com/korjavin/dutyassistant/internal/scheduler/scheduler.go:177.21,179.3 1 0
github.com/korjavin/dutyassistant/internal/scheduler/scheduler.go:182.2,183.29 2 0
github.com/korjavin/dutyassistant/internal/scheduler/scheduler.go:183.29,185.34 2 0
github.com/korjavin/dutyassistant/internal/scheduler/scheduler.go:185.34,187.4 1 0
github.com/korjavin/dutyassistant/internal/scheduler/scheduler.go:188.3,188.23 1 0
github.com/korjavin/dutyassistant/internal/scheduler/scheduler.go:188.23,190.4 1 0
github.com/korjavin/dutyassistant/internal/scheduler/scheduler.go:194.2,195.29 2 0
github.com/korjavin/dutyassistant/internal/scheduler/scheduler.go:195.29,197.34 2 0
github.com/korjavin/dutyassistant/internal/scheduler/scheduler.go:197.34,199.4 1 0
github.com/korjavin/dutyassistant/internal/scheduler/scheduler.go:200.3,200.24 1 0
github.com/korjavin/dutyassistant/internal/scheduler/scheduler.go:200.24,202.4 1 0
github.com/korjavin/dutyassistant/internal/scheduler/scheduler.go:206.2,206.53 1 0
github.com/korjavin/dutyassistant/internal/scheduler/scheduler.go:211.96,212.21 1 0
github.com/korjavin/dutyassistant/internal/scheduler/scheduler.go:212.21,214.3 1 0
github.com/korjavin/dutyassistant/internal/scheduler/scheduler.go:217.2,217.21 1 0
github.com/korjavin/dutyassistant/internal/scheduler/scheduler.go:217.21,219.3 1 0
github.com/korjavin/dutyassistant/internal/scheduler/scheduler.go:222.2,228.16 5 0
github.com/korjavin/dutyassistant/internal/scheduler/scheduler.go:228.16,231.3 1 0
github.com/korjavin/dutyassistant/internal/scheduler/scheduler.go:234.2,235.30 2 0
github.com/korjavin/dutyassistant/internal/scheduler/scheduler.go:235.30,236.55 1 0
github.com/korjavin/dutyassistant/internal/scheduler/scheduler.go:236.55,238.4 1 0
github.com/korjavin/dutyassistant/internal/scheduler/scheduler.go:242.2,243.29 2 0
github.com/korjavin/dutyassistant/internal/scheduler/scheduler.go:243.29,245.23 2 0
github.com/korjavin/dutyassistant/internal/scheduler/scheduler.go:245.23,247.4 1 0
github.com/korjavin/dutyassistant/internal/scheduler/scheduler.go:251.2,252.29 2 0
github.com/korjavin/dutyassistant/internal/scheduler/scheduler.go:252.29,254.24 2 0
github.com/korjavin/dutyassistant/internal/scheduler/scheduler.go:254.24,256.4 1 0
github.com/korjavin/dutyassistant/internal/scheduler/scheduler.go:260.2,260.30 1 0
github.com/korjavin/dutyassistant/internal/scheduler/scheduler.go:260.30,262.3 1 0
github.com/korjavin/dutyassistant/internal/scheduler/scheduler.go:264.2,264.55 1 0
github.com/korjavin/dutyassistant/internal/scheduler/scheduler.go:268.141,278.16 3 0
github.com/korjavin/dutyassistant/internal/scheduler/scheduler.go:278.16,280.3 1 0
github.com/korjavin/dutyassistant/internal/scheduler/scheduler.go:282.2,282.21 1 0
github.com/korjavin/dutyassistant/internal/scheduler/scheduler.go:286.67,291.2 3 0
github.com/korjavin/dutyassistant/internal/scheduler/scheduler.go:294.111,300.28 4 1
github.com/korjavin/dutyassistant/internal/scheduler/scheduler.go:300.28,302.3 1 1
github.com/korjavin/dutyassistant/internal/scheduler/scheduler.go:304.2,305.39 2 1
github.com/korjavin/dutyassistant/internal/scheduler/scheduler.go:305.39,307.3 1 0
github.com/korjavin/dutyassistant/internal/scheduler/scheduler.go:310.2,312.16 3 1
github.com/korjavin/dutyassistant/internal/scheduler/scheduler.go:312.16,314.3 1 0
github.com/korjavin/dutyassistant/internal/scheduler/scheduler.go:316.2,316.26 1 1
github.com/korjavin/dutyassistant/internal/scheduler/scheduler.go:320.78,322.2 1 0
github.com/korjavin/dutyassistant/internal/scheduler/scheduler.go:325.71,327.2 1 0
github.com/korjavin/dutyassistant/internal/store/sqlite/chores.go:13.82,17.30 3 1
github.com/korjavin/dutyassistant/internal/store/sqlite/chores.go:17.30,19.3 1 1
github.com/korjavin/dutyassistant/internal/store/sqlite/chores.go:21.2,22.30 2 1
github.com/korjavin/dutyassistant/internal/store/sqlite/chores.go:22.30,24.3 1 0
github.com/korjavin/dutyassistant/internal/store/sqlite/chores.go:26.2,27.16 2 1
github.com/korjavin/dutyassistant/internal/store/sqlite/chores.go:27.16,29.3 1 0
github.com/korjavin/dutyassistant/internal/store/sqlite/chores.go:30.2,31.16 2 1
github.com/korjavin/dutyassistant/internal/store/sqlite/chores.go:31.16,33.3 1 0
github.com/korjavin/dutyassistant/internal/store/sqlite/chores.go:34.2,35.12 2 1
github.com/korjavin/dutyassistant/internal/store/sqlite/chores.go:39.106,49.2 3 0
github.com/korjavin/dutyassistant/internal/store/sqlite/chores.go:52.84,62.16 3 1
github.com/korjavin/dutyassistant/internal/store/sqlite/chores.go:62.16,64.3 1 0
github.com/korjavin/dutyassistant/internal/store/sqlite/chores.go:65.2,67.36 2 1
github.com/korjavin/dutyassistant/internal/store/sqlite/chores.go:71.106,81.16 3 1
github.com/korjavin/dutyassistant/internal/store/sqlite/chores.go:81.16,83.3 1 0
github.com/korjavin/dutyassistant/internal/store/sqlite/chores.go:84.2,86.36 2 1
github.com/korjavin/dutyassistant/internal/store/sqlite/chores.go:90.85,101.16 4 0
github.com/korjavin/dutyassistant/internal/store/sqlite/chores.go:101.16,103.3 1 0
github.com/korjavin/dutyassistant/internal/store/sqlite/chores.go:104.2,106.36 2 0
github.com/korjavin/dutyassistant/internal/store/sqlite/chores.go:110.95,113.16 3 0
github.com/korjavin/dutyassistant/internal/store/sqlite/chores.go:113.16,115.3 1 0
github.com/korjavin/dutyassistant/internal/store/sqlite/chores.go:116.2,116.12 1 0
github.com/korjavin/dutyassistant/internal/store/sqlite/chores.go:120.88,123.16 3 1
github.com/korjavin/dutyassistant/internal/store/sqlite/chores.go:123.16,125.3 1 0
github.com/korjavin/dutyassistant/internal/store/sqlite/chores.go:126.2,127.16 2 1
github.com/korjavin/dutyassistant/internal/store/sqlite/chores.go:127.16,129.3 1 0
github.com/korjavin/dutyassistant/internal/store/sqlite/chores.go:130.2,130.23 1 1
github.com/korjavin/dutyassistant/internal/store/sqlite/chores.go:130.23,132.3 1 1
github.com/korjavin/dutyassistant/internal/store/sqlite/chores.go:135.2,143.31 3 1
github.com/korjavin/dutyassistant/internal/store/sqlite/chores.go:147.85,149.2 1 1
github.com/korjavin/dutyassistant/internal/store/sqlite/chores.go:152.103,167.16 4 0
github.com/korjavin/dutyassistant/internal/store/sqlite/chores.go:167.16,169.3 1 0
github.com/korjavin/dutyassistant/internal/store/sqlite/chores.go:170.2,173.18 3 0
github.com/korjavin/dutyassistant/internal/store/sqlite/chores.go:173.18,176.48 3 0
github.com/korjavin/dutyassistant/internal/store/sqlite/chores.go:176.48,178.4 1 0
github.com/korjavin/dutyassistant/internal/store/sqlite/chores.go:179.3,179.75 1 0
github.com/korjavin/dutyassistant/internal/store/sqlite/chores.go:181.2,181.20 1 0
github.com/korjavin/dutyassistant/internal/store/sqlite/chores.go:185.114,196.16 3 0
github.com/korjavin/dutyassistant/internal/store/sqlite/chores.go:196.16,198.3 1 0
github.com/korjavin/dutyassistant/internal/store/sqlite/chores.go:199.2,202.18 3 0
github.com/korjavin/dutyassistant/internal/store/sqlite/chores.go:202.18,205.48 3 0
github.com/korjavin/dutyassistant/internal/store/sqlite/chores.go:205.48,207.4 1 0
github.com/korjavin/dutyassistant/internal/store/sqlite/chores.go:208.3,208.70 1 0
github.com/korjavin/dutyassistant/internal/store/sqlite/chores.go:210.2,210.19 1 0
github.com/korjavin/dutyassistant/internal/store/sqlite/chores.go:214.114,228.16 3 1
github.com/korjavin/dutyassistant/internal/store/sqlite/chores.go:228.16,230.3 1 0
github.com/korjavin/dutyassistant/internal/store/sqlite/chores.go:231.2,234.18 3 1
github.com/korjavin/dutyassistant/internal/store/sqlite/chores.go:234.18,236.113 2 1
github.com/korjavin/dutyassistant/internal/store/sqlite/chores.go:236.113,238.4 1 0
github.com/korjavin/dutyassistant/internal/store/sqlite/chores.go:239.3,239.31 1 1
github.com/korjavin/dutyassistant/internal/store/sqlite/chores.go:241.2,241.19 1 1
github.com/korjavin/dutyassistant/internal/store/sqlite/chores.go:245.60,254.16 5 1
github.com/korjavin/dutyassistant/internal/store/sqlite/chores.go:254.16,255.27 1 0
github.com/korjavin/dutyassistant/internal/store/sqlite/chores.go:255.27,257.4 1 0
github.com/korjavin/dutyassistant/internal/store/sqlite/chores.go:258.3,258.18 1 0
github.com/korjavin/dutyassistant/internal/store/sqlite/chores.go:261.2,263.26 3 1
github.com/korjavin/dutyassistant/internal/store/sqlite/chores.go:263.26,266.3 2 0
github.com/korjavin/dutyassistant/internal/store/sqlite/chores.go:267.2,267.26 1 1
github.com/korjavin/dutyassistant/internal/store/sqlite/chores.go:267.26,270.3 2 1
github.com/korjavin/dutyassistant/internal/store/sqlite/chores.go:271.2,271.19 1 1
github.com/korjavin/dutyassistant/internal/store/sqlite/chores.go:274.68,276.18 2 1
github.com/korjavin/dutyassistant/internal/store/sqlite/chores.go:276.18,285.17 5 1
github.com/korjavin/dutyassistant/internal/store/sqlite/chores.go:285.17,287.4 1 0
github.com/korjavin/dutyassistant/internal/store/sqlite/chores.go:289.3,291.27 3 1
github.com/korjavin/dutyassistant/internal/store/sqlite/chores.go:291.27,294.4 2 0
github.com/korjavin/dutyassistant/internal/store/sqlite/chores.go:295.3,295.27 1 1
github.com/korjavin/dutyassistant/internal/store/sqlite/chores.go:295.27,298.4 2 0
github.com/korjavin/dutyassistant/internal/store/sqlite/chores.go:299.3,299.33 1 1
github.com/korjavin/dutyassistant/internal/store/sqlite/chores.go:301.2,301.20 1 1
github.com/korjavin/dutyassistant/internal/store/sqlite/chores.go:305.83,309.26 4 0
github.com/korjavin/dutyassistant/internal/store/sqlite/chores.go:309.26,311.3 1 0
github.com/korjavin/dutyassistant/internal/store/sqlite/chores.go:312.2,312.16 1 0
github.com/korjavin/dutyassistant/internal/store/sqlite/chores.go:312.16,314.3 1 0
github.com/korjavin/dutyassistant/internal/store/sqlite/chores.go:315.2,315.19 1 0
github.com/korjavin/dutyassistant/internal/store/sqlite/chores.go:319.86,322.16 3 0
github.com/korjavin/dutyassistant/internal/store/sqlite/chores.go:322.16,324.3 1 0
github.com/korjavin/dutyassistant/internal/store/sqlite/chores.go:325.2,325.12 1 0
github.com/korjavin/dutyassistant/internal/store/sqlite/ratings.go:15.135,17.16 2 1
github.com/korjavin/dutyassistant/internal/store/sqlite/ratings.go:17.16,19.3 1 0
github.com/korjavin/dutyassistant/internal/store/sqlite/ratings.go:20.2,32.16 5 1
github.com/korjavin/dutyassistant/internal/store/sqlite/ratings.go:32.16,34.3 1 0
github.com/korjavin/dutyassistant/internal/store/sqlite/ratings.go:35.2,37.113 2 1
github.com/korjavin/dutyassistant/internal/store/sqlite/ratings.go:37.113,39.3 1 0
github.com/korjavin/dutyassistant/internal/store/sqlite/ratings.go:41.2,41.33 1 1
github.com/korjavin/dutyassistant/internal/store/sqlite/ratings.go:41.33,42.20 1 1
github.com/korjavin/dutyassistant/internal/store/sqlite/ratings.go:42.20,44.4 1 1
github.com/korjavin/dutyassistant/internal/store/sqlite/ratings.go:45.3,45.32 1 1
github.com/korjavin/dutyassistant/internal/store/sqlite/ratings.go:45.32,47.4 1 1
github.com/korjavin/dutyassistant/internal/store/sqlite/ratings.go:48.3,48.43 1 1
github.com/korjavin/dutyassistant/internal/store/sqlite/ratings.go:48.43,50.4 1 1
github.com/korjavin/dutyassistant/internal/store/sqlite/ratings.go:52.3,52.105 1 1
github.com/korjavin/dutyassistant/internal/store/sqlite/ratings.go:52.105,54.4 1 0
github.com/korjavin/dutyassistant/internal/store/sqlite/ratings.go:57.2,57.36 1 1
github.com/korjavin/dutyassistant/internal/store/sqlite/ratings.go:57.36,59.3 1 0
github.com/korjavin/dutyassistant/internal/store/sqlite/ratings.go:60.2,60.12 1 1
github.com/korjavin/dutyassistant/internal/store/sqlite/ratings.go:64.92,72.16 2 1
github.com/korjavin/dutyassistant/internal/store/sqlite/ratings.go:72.16,74.3 1 0
github.com/korjavin/dutyassistant/internal/store/sqlite/ratings.go:75.2,78.18 3 1
github.com/korjavin/dutyassistant/internal/store/sqlite/ratings.go:78.18,80.17 2 1
github.com/korjavin/dutyassistant/internal/store/sqlite/ratings.go:80.17,82.4 1 0
github.com/korjavin/dutyassistant/internal/store/sqlite/ratings.go:83.3,83.30 1 1
github.com/korjavin/dutyassistant/internal/store/sqlite/ratings.go:85.2,85.35 1 1
github.com/korjavin/dutyassistant/internal/store/sqlite/ratings.go:85.35,87.3 1 0
github.com/korjavin/dutyassistant/internal/store/sqlite/ratings.go:89.2,89.19 1 1
github.com/korjavin/dutyassistant/internal/store/sqlite/ratings.go:93.134,96.2 2 1
github.com/korjavin/dutyassistant/internal/store/sqlite/ratings.go:99.142,111.16 4 1
github.com/korjavin/dutyassistant/internal/store/sqlite/ratings.go:111.16,113.3 1 0
github.com/korjavin/dutyassistant/internal/store/sqlite/ratings.go:114.2,117.18 3 1
github.com/korjavin/dutyassistant/internal/store/sqlite/ratings.go:117.18,119.118 2 1
github.com/korjavin/dutyassistant/internal/store/sqlite/ratings.go:119.118,121.4 1 0
github.com/korjavin/dutyassistant/internal/store/sqlite/ratings.go:122.3,122.33 1 1
github.com/korjavin/dutyassistant/internal/store/sqlite/ratings.go:124.2,124.35 1 1
github.com/korjavin/dutyassistant/internal/store/sqlite/ratings.go:124.35,126.3 1 0
github.com/korjavin/dutyassistant/internal/store/sqlite/ratings.go:128.2,128.20 1 1
github.com/korjavin/dutyassistant/internal/store/sqlite/ratings.go:131.146,139.16 2 1
github.com/korjavin/dutyassistant/internal/store/sqlite/ratings.go:139.16,141.3 1 0
github.com/korjavin/dutyassistant/internal/store/sqlite/ratings.go:142.2,145.18 3 1
github.com/korjavin/dutyassistant/internal/store/sqlite/ratings.go:145.18,147.17 2 1
github.com/korjavin/dutyassistant/internal/store/sqlite/ratings.go:147.17,149.4 1 0
github.com/korjavin/dutyassistant/internal/store/sqlite/ratings.go:150.3,150.36 1 1
github.com/korjavin/dutyassistant/internal/store/sqlite/ratings.go:152.2,152.35 1 1
github.com/korjavin/dutyassistant/internal/store/sqlite/ratings.go:152.35,154.3 1 0
github.com/korjavin/dutyassistant/internal/store/sqlite/ratings.go:156.2,156.21 1 1
github.com/korjavin/dutyassistant/internal/store/sqlite/ratings.go:159.88,162.107 3 1
github.com/korjavin/dutyassistant/internal/store/sqlite/ratings.go:162.107,164.3 1 0
github.com/korjavin/dutyassistant/internal/store/sqlite/ratings.go:166.2,167.16 2 1
github.com/korjavin/dutyassistant/internal/store/sqlite/ratings.go:167.16,169.3 1 0
github.com/korjavin/dutyassistant/internal/store/sqlite/ratings.go:170.2,172.20 2 1
github.com/korjavin/dutyassistant/internal/store/sqlite/ratings.go:175.56,178.2 2 1
github.com/korjavin/dutyassistant/internal/store/sqlite/sqlite.go:20.76,22.16 2 1
github.com/korjavin/dutyassistant/internal/store/sqlite/sqlite.go:22.16,24.3 1 0
github.com/korjavin/dutyassistant/internal/store/sqlite/sqlite.go:26.2,26.44 1 1
github.com/korjavin/dutyassistant/internal/store/sqlite/sqlite.go:26.44,28.3 1 0
github.com/korjavin/dutyassistant/internal/store/sqlite/sqlite.go:30.2,32.39 2 1
github.com/korjavin/dutyassistant/internal/store/sqlite/sqlite.go:32.39,34.3 1 0
github.com/korjavin/dutyassistant/internal/store/sqlite/sqlite.go:36.2,36.15 1 1
github.com/korjavin/dutyassistant/internal/store/sqlite/sqlite.go:40.58,113.57 2 1
github.com/korjavin/dutyassistant/internal/store/sqlite/sqlite.go:113.57,115.3 1 0
github.com/korjavin/dutyassistant/internal/store/sqlite/sqlite.go:118.2,127.41 2 1
github.com/korjavin/dutyassistant/internal/store/sqlite/sqlite.go:127.41,130.3 1 1
github.com/korjavin/dutyassistant/internal/store/sqlite/sqlite.go:134.2,136.12 2 1
github.com/korjavin/dutyassistant/internal/store/sqlite/sqlite.go:140.147,144.2 3 0
github.com/korjavin/dutyassistant/internal/store/sqlite/sqlite.go:147.50,152.16 4 1
github.com/korjavin/dutyassistant/internal/store/sqlite/sqlite.go:152.16,154.3 1 0
github.com/korjavin/dutyassistant/internal/store/sqlite/sqlite.go:156.2,156.24 1 1
github.com/korjavin/dutyassistant/internal/store/sqlite/sqlite.go:156.24,159.3 2 0
github.com/korjavin/dutyassistant/internal/store/sqlite/sqlite.go:160.2,160.22 1 1
github.com/korjavin/dutyassistant/internal/store/sqlite/sqlite.go:160.22,163.3 2 0
github.com/korjavin/dutyassistant/internal/store/sqlite/sqlite.go:165.2,165.18 1 1
github.com/korjavin/dutyassistant/internal/store/sqlite/sqlite.go:169.56,174.16 4 1
github.com/korjavin/dutyassistant/internal/store/sqlite/sqlite.go:174.16,176.3 1 0
github.com/korjavin/dutyassistant/internal/store/sqlite/sqlite.go:178.2,178.24 1 1
github.com/korjavin/dutyassistant/internal/store/sqlite/sqlite.go:178.24,181.3 2 0
github.com/korjavin/dutyassistant/internal/store/sqlite/sqlite.go:182.2,182.22 1 1
github.com/korjavin/dutyassistant/internal/store/sqlite/sqlite.go:182.22,185.3 2 0
github.com/korjavin/dutyassistant/internal/store/sqlite/sqlite.go:187.2,187.18 1 1
github.com/korjavin/dutyassistant/internal/store/sqlite/sqlite.go:191.79,196.30 3 1
github.com/korjavin/dutyassistant/internal/store/sqlite/sqlite.go:196.30,198.3 1 0
github.com/korjavin/dutyassistant/internal/store/sqlite/sqlite.go:199.2,199.28 1 1
github.com/korjavin/dutyassistant/internal/store/sqlite/sqlite.go:199.28,201.3 1 0
github.com/korjavin/dutyassistant/internal/store/sqlite/sqlite.go:203.2,205.16 2 1
github.com/korjavin/dutyassistant/internal/store/sqlite/sqlite.go:205.16,207.3 1 0
github.com/korjavin/dutyassistant/internal/store/sqlite/sqlite.go:208.2,209.16 2 1
github.com/korjavin/dutyassistant/internal/store/sqlite/sqlite.go:209.16,211.3 1 0
github.com/korjavin/dutyassistant/internal/store/sqlite/sqlite.go:212.2,213.12 2 1
github.com/korjavin/dutyassistant/internal/store/sqlite/sqlite.go:217.95,222.16 4 1
github.com/korjavin/dutyassistant/internal/store/sqlite/sqlite.go:222.16,223.27 1 0
github.com/korjavin/dutyassistant/internal/store/sqlite/sqlite.go:223.27,225.4 1 0
github.com/korjavin/dutyassistant/internal/store/sqlite/sqlite.go:226.3,226.58 1 0
github.com/korjavin/dutyassistant/internal/store/sqlite/sqlite.go:228.2,228.18 1 1
github.com/korjavin/dutyassistant/internal/store/sqlite/sqlite.go:232.83,236.16 3 1
github.com/korjavin/dutyassistant/internal/store/sqlite/sqlite.go:236.16,238.3 1 0
github.com/korjavin/dutyassistant/internal/store/sqlite/sqlite.go:239.2,242.18 3 1
github.com/korjavin/dutyassistant/internal/store/sqlite/sqlite.go:242.18,244.17 2 1
github.com/korjavin/dutyassistant/internal/store/sqlite/sqlite.go:244.17,246.4 1 0
github.com/korjavin/dutyassistant/internal/store/sqlite/sqlite.go:247.3,247.30 1 1
github.com/korjavin/dutyassistant/internal/store/sqlite/sqlite.go:249.2,249.19 1 1
github.com/korjavin/dutyassistant/internal/store/sqlite/sqlite.go:253.92,258.16 4 0
github.com/korjavin/dutyassistant/internal/store/sqlite/sqlite.go:258.16,259.27 1 0
github.com/korjavin/dutyassistant/internal/store/sqlite/sqlite.go:259.27,261.4 1 0
github.com/korjavin/dutyassistant/internal/store/sqlite/sqlite.go:262.3,262.66 1 0
github.com/korjavin/dutyassistant/internal/store/sqlite/sqlite.go:264.2,264.18 1 0
github.com/korjavin/dutyassistant/internal/store/sqlite/sqlite.go:268.80,272.16 3 0
github.com/korjavin/dutyassistant/internal/store/sqlite/sqlite.go:272.16,274.3 1 0
github.com/korjavin/dutyassistant/internal/store/sqlite/sqlite.go:275.2,278.18 3 0
github.com/korjavin/dutyassistant/internal/store/sqlite/sqlite.go:278.18,280.17 2 0
github.com/korjavin/dutyassistant/internal/store/sqlite/sqlite.go:280.17,282.4 1 0
github.com/korjavin/dutyassistant/internal/store/sqlite/sqlite.go:283.3,283.30 1 0
github.com/korjavin/dutyassistant/internal/store/sqlite/sqlite.go:285.2,285.19 1 0
github.com/korjavin/dutyassistant/internal/store/sqlite/sqlite.go:289.97,294.16 3 0
github.com/korjavin/dutyassistant/internal/store/sqlite/sqlite.go:294.16,296.3 1 0
github.com/korjavin/dutyassistant/internal/store/sqlite/sqlite.go:299.2,305.16 5 0
github.com/korjavin/dutyassistant/internal/store/sqlite/sqlite.go:305.16,307.3 1 0
github.com/korjavin/dutyassistant/internal/store/sqlite/sqlite.go:310.2,314.40 3 0
github.com/korjavin/dutyassistant/internal/store/sqlite/sqlite.go:314.40,316.3 1 0
github.com/korjavin/dutyassistant/internal/store/sqlite/sqlite.go:317.2,319.19 2 0
github.com/korjavin/dutyassistant/internal/store/sqlite/sqlite.go:323.79,327.30 3 1
github.com/korjavin/dutyassistant/internal/store/sqlite/sqlite.go:327.30,329.3 1 0
github.com/korjavin/dutyassistant/internal/store/sqlite/sqlite.go:330.2,330.28 1 1
github.com/korjavin/dutyassistant/internal/store/sqlite/sqlite.go:330.28,332.3 1 0
github.com/korjavin/dutyassistant/internal/store/sqlite/sqlite.go:334.2,336.16 2 1
github.com/korjavin/dutyassistant/internal/store/sqlite/sqlite.go:336.16,338.3 1 0
github.com/korjavin/dutyassistant/internal/store/sqlite/sqlite.go:339.2,339.12 1 1
github.com/korjavin/dutyassistant/internal/store/sqlite/sqlite.go:343.79,347.29 3 1
github.com/korjavin/dutyassistant/internal/store/sqlite/sqlite.go:347.29,349.3 1 0
github.com/korjavin/dutyassistant/internal/store/sqlite/sqlite.go:351.2,352.16 2 1
github.com/korjavin/dutyassistant/internal/store/sqlite/sqlite.go:352.16,354.3 1 0
github.com/korjavin/dutyassistant/internal/store/sqlite/sqlite.go:355.2,356.16 2 1
github.com/korjavin/dutyassistant/internal/store/sqlite/sqlite.go:356.16,358.3 1 0
github.com/korjavin/dutyassistant/internal/store/sqlite/sqlite.go:359.2,360.12 2 1
github.com/korjavin/dutyassistant/internal/store/sqlite/sqlite.go:364.95,381.16 7 1
github.com/korjavin/dutyassistant/internal/store/sqlite/sqlite.go:381.16,382.27 1 1
github.com/korjavin/dutyassistant/internal/store/sqlite/sqlite.go:382.27,384.4 1 1
github.com/korjavin/dutyassistant/internal/store/sqlite/sqlite.go:385.3,385.66 1 0
github.com/korjavin/dutyassistant/internal/store/sqlite/sqlite.go:388.2,389.16 2 1
github.com/korjavin/dutyassistant/internal/store/sqlite/sqlite.go:389.16,391.3 1 0
github.com/korjavin/dutyassistant/internal/store/sqlite/sqlite.go:392.2,393.16 2 1
github.com/korjavin/dutyassistant/internal/store/sqlite/sqlite.go:393.16,395.3 1 0
github.com/korjavin/dutyassistant/internal/store/sqlite/sqlite.go:396.2,396.26 1 1
github.com/korjavin/dutyassistant/internal/store/sqlite/sqlite.go:396.26,398.17 2 0
github.com/korjavin/dutyassistant/internal/store/sqlite/sqlite.go:398.17,400.4 1 0
github.com/korjavin/dutyassistant/internal/store/sqlite/sqlite.go:401.3,401.24 1 0
github.com/korjavin/dutyassistant/internal/store/sqlite/sqlite.go:403.2,405.18 2 1
github.com/korjavin/dutyassistant/internal/store/sqlite/sqlite.go:409.79,413.29 3 1
github.com/korjavin/dutyassistant/internal/store/sqlite/sqlite.go:413.29,415.3 1 0
github.com/korjavin/dutyassistant/internal/store/sqlite/sqlite.go:417.2,418.16 2 1
github.com/korjavin/dutyassistant/internal/store/sqlite/sqlite.go:418.16,420.3 1 0
github.com/korjavin/dutyassistant/internal/store/sqlite/sqlite.go:421.2,421.12 1 1
github.com/korjavin/dutyassistant/internal/store/sqlite/sqlite.go:425.77,428.16 3 1
github.com/korjavin/dutyassistant/internal/store/sqlite/sqlite.go:428.16,430.3 1 0
github.com/korjavin/dutyassistant/internal/store/sqlite/sqlite.go:431.2,431.12 1 1
github.com/korjavin/dutyassistant/internal/store/sqlite/sqlite.go:435.112,449.16 5 1
github.com/korjavin/dutyassistant/internal/store/sqlite/sqlite.go:449.16,451.3 1 0
github.com/korjavin/dutyassistant/internal/store/sqlite/sqlite.go:452.2,455.18 3 1
github.com/korjavin/dutyassistant/internal/store/sqlite/sqlite.go:455.18,471.17 12 1
github.com/korjavin/dutyassistant/internal/store/sqlite/sqlite.go:471.17,473.4 1 0
github.com/korjavin/dutyassistant/internal/store/sqlite/sqlite.go:474.3,475.17 2 1
github.com/korjavin/dutyassistant/internal/store/sqlite/sqlite.go:475.17,477.4 1 0
github.com/korjavin/dutyassistant/internal/store/sqlite/sqlite.go:478.3,479.17 2 1
github.com/korjavin/dutyassistant/internal/store/sqlite/sqlite.go:479.17,481.4 1 0
github.com/korjavin/dutyassistant/internal/store/sqlite/sqlite.go:482.3,482.27 1 1
github.com/korjavin/dutyassistant/internal/store/sqlite/sqlite.go:482.27,484.18 2 0
github.com/korjavin/dutyassistant/internal/store/sqlite/sqlite.go:484.18,486.5 1 0
github.com/korjavin/dutyassistant/internal/store/sqlite/sqlite.go:487.4,487.25 1 0
github.com/korjavin/dutyassistant/internal/store/sqlite/sqlite.go:491.3,491.19 1 1
github.com/korjavin/dutyassistant/internal/store/sqlite/sqlite.go:491.19,501.26 2 1
github.com/korjavin/dutyassistant/internal/store/sqlite/sqlite.go:501.26,504.5 2 0
github.com/korjavin/dutyassistant/internal/store/sqlite/sqlite.go:505.4,505.24 1 1
github.com/korjavin/dutyassistant/internal/store/sqlite/sqlite.go:505.24,508.5 2 0
github.com/korjavin/dutyassistant/internal/store/sqlite/sqlite.go:510.3,511.32 2 1
github.com/korjavin/dutyassistant/internal/store/sqlite/sqlite.go:513.2,513.20 1 1
github.com/korjavin/dutyassistant/internal/store/sqlite/sqlite.go:517.99,528.16 3 0
github.com/korjavin/dutyassistant/internal/store/sqlite/sqlite.go:528.16,530.3 1 0
github.com/korjavin/dutyassistant/internal/store/sqlite/sqlite.go:531.2,534.18 3 0
github.com/korjavin/dutyassistant/internal/store/sqlite/sqlite.go:534.18,550.17 12 0
github.com/korjavin/dutyassistant/internal/store/sqlite/sqlite.go:550.17,552.4 1 0
github.com/korjavin/dutyassistant/internal/store/sqlite/sqlite.go:553.3,554.17 2 0
github.com/korjavin/dutyassistant/internal/store/sqlite/sqlite.go:554.17,556.4 1 0
github.com/korjavin/dutyassistant/internal/store/sqlite/sqlite.go:557.3,558.17 2 0
github.com/korjavin/dutyassistant/internal/store/sqlite/sqlite.go:558.17,560.4 1 0
github.com/korjavin/dutyassistant/internal/store/sqlite/sqlite.go:561.3,561.27 1 0
github.com/korjavin/dutyassistant/internal/store/sqlite/sqlite.go:561.27,563.18 2 0
github.com/korjavin/dutyassistant/internal/store/sqlite/sqlite.go:563.18,565.5 1 0
github.com/korjavin/dutyassistant/internal/store/sqlite/sqlite.go:566.4,566.25 1 0
github.com/korjavin/dutyassistant/internal/store/sqlite/sqlite.go:569.3,569.19 1 0
github.com/korjavin/dutyassistant/internal/store/sqlite/sqlite.go:569.19,579.26 2 0
github.com/korjavin/dutyassistant/internal/store/sqlite/sqlite.go:579.26,582.5 2 0
github.com/korjavin/dutyassistant/internal/store/sqlite/sqlite.go:583.4,583.24 1 0
github.com/korjavin/dutyassistant/internal/store/sqlite/sqlite.go:583.24,586.5 2 0
github.com/korjavin/dutyassistant/internal/store/sqlite/sqlite.go:588.3,589.32 2 0
github.com/korjavin/dutyassistant/internal/store/sqlite/sqlite.go:591.2,591.20 1 0
github.com/korjavin/dutyassistant/internal/store/sqlite/sqlite.go:595.94,598.16 3 1
github.com/korjavin/dutyassistant/internal/store/sqlite/sqlite.go:598.16,600.3 1 0
github.com/korjavin/dutyassistant/internal/store/sqlite/sqlite.go:601.2,601.12 1 1
github.com/korjavin/dutyassistant/internal/store/sqlite/sqlite.go:605.90,608.16 3 1
github.com/korjavin/dutyassistant/internal/store/sqlite/sqlite.go:608.16,610.3 1 0
github.com/korjavin/dutyassistant/internal/store/sqlite/sqlite.go:611.2,611.12 1 1
github.com/korjavin/dutyassistant/internal/store/sqlite/sqlite.go:615.88,618.16 3 1
github.com/korjavin/dutyassistant/internal/store/sqlite/sqlite.go:618.16,620.3 1 0
github.com/korjavin/dutyassistant/internal/store/sqlite/sqlite.go:621.2,621.12 1 1
github.com/korjavin/dutyassistant/internal/store/sqlite/sqlite.go:625.84,627.2 1 0
github.com/korjavin/dutyassistant/internal/store/sqlite/sqlite.go:630.91,633.16 3 0
github.com/korjavin/dutyassistant/internal/store/sqlite/sqlite.go:633.16,635.3 1 0
github.com/korjavin/dutyassistant/internal/store/sqlite/sqlite.go:636.2,636.12 1 0
github.com/korjavin/dutyassistant/internal/store/sqlite/sqlite.go:640.94,649.16 3 1
github.com/korjavin/dutyassistant/internal/store/sqlite/sqlite.go:649.16,651.3 1 0
github.com/korjavin/dutyassistant/internal/store/sqlite/sqlite.go:652.2,655.18 3 1
github.com/korjavin/dutyassistant/internal/store/sqlite/sqlite.go:655.18,657.17 2 1
github.com/korjavin/dutyassistant/internal/store/sqlite/sqlite.go:657.17,659.4 1 0
github.com/korjavin/dutyassistant/internal/store/sqlite/sqlite.go:660.3,660.30 1 1
github.com/korjavin/dutyassistant/internal/store/sqlite/sqlite.go:662.2,662.19 1 1
github.com/korjavin/dutyassistant/internal/store/sqlite/sqlite.go:666.90,675.16 3 1
github.com/korjavin/dutyassistant/internal/store/sqlite/sqlite.go:675.16,677.3 1 0
github.com/korjavin/dutyassistant/internal/store/sqlite/sqlite.go:678.2,681.18 3 1
github.com/korjavin/dutyassistant/internal/store/sqlite/sqlite.go:681.18,683.17 2 1
github.com/korjavin/dutyassistant/internal/store/sqlite/sqlite.go:683.17,685.4 1 0
github.com/korjavin/dutyassistant/internal/store/sqlite/sqlite.go:686.3,686.30 1 1
github.com/korjavin/dutyassistant/internal/store/sqlite/sqlite.go:688.2,688.19 1 1
github.com/korjavin/dutyassistant/internal/store/sqlite/sqlite.go:692.97,695.16 3 0
github.com/korjavin/dutyassistant/internal/store/sqlite/sqlite.go:695.16,697.3 1 0
github.com/korjavin/dutyassistant/internal/store/sqlite/sqlite.go:698.2,698.12 1 0
github.com/korjavin/dutyassistant/internal/store/sqlite/sqlite.go:702.77,705.16 3 0
github.com/korjavin/dutyassistant/internal/store/sqlite/sqlite.go:705.16,707.3 1 0
github.com/korjavin/dutyassistant/internal/store/sqlite/sqlite.go:708.2,708.12 1 0
github.com/korjavin/dutyassistant/internal/store/sqlite/sqlite.go:712.102,721.16 5 0
github.com/korjavin/dutyassistant/internal/store/sqlite/sqlite.go:721.16,723.3 1 0
github.com/korjavin/dutyassistant/internal/store/sqlite/sqlite.go:724.2,724.23 1 0
github.com/korjavin/dutyassistant/internal/store/sqlite/sqlite.go:728.99,738.16 4 0
github.com/korjavin/dutyassistant/internal/store/sqlite/sqlite.go:738.16,740.3 1 0
github.com/korjavin/dutyassistant/internal/store/sqlite/sqlite.go:741.2,744.18 3 0
github.com/korjavin/dutyassistant/internal/store/sqlite/sqlite.go:744.18,746.17 2 0
github.com/korjavin/dutyassistant/internal/store/sqlite/sqlite.go:746.17,748.4 1 0
github.com/korjavin/dutyassistant/internal/store/sqlite/sqlite.go:749.3,749.30 1 0
github.com/korjavin/dutyassistant/internal/store/sqlite/sqlite.go:751.2,751.19 1 0
github.com/korjavin/dutyassistant/internal/store/sqlite/sqlite.go:755.79,758.16 3 0
github.com/korjavin/dutyassistant/internal/store/sqlite/sqlite.go:758.16,760.3 1 0
github.com/korjavin/dutyassistant/internal/store/sqlite/sqlite.go:761.2,761.12 1 0
github.com/korjavin/dutyassistant/internal/store/sqlite/sqlite.go:765.79,769.2 3 0
github.com/korjavin/dutyassistant/internal/store/sqlite/sqlite.go:772.77,790.16 7 0
github.com/korjavin/dutyassistant/internal/store/sqlite/sqlite.go:790.16,791.27 1 0
github.com/korjavin/dutyassistant/internal/store/sqlite/sqlite.go:791.27,793.4 1 0
github.com/korjavin/dutyassistant/internal/store/sqlite/sqlite.go:794.3,794.63 1 0
github.com/korjavin/dutyassistant/internal/store/sqlite/sqlite.go:797.2,798.16 2 0
github.com/korjavin/dutyassistant/internal/store/sqlite/sqlite.go:798.16,800.3 1 0
github.com/korjavin/dutyassistant/internal/store/sqlite/sqlite.go:801.2,802.16 2 0
github.com/korjavin/dutyassistant/internal/store/sqlite/sqlite.go:802.16,804.3 1 0
github.com/korjavin/dutyassistant/internal/store/sqlite/sqlite.go:805.2,805.26 1 0
github.com/korjavin/dutyassistant/internal/store/sqlite/sqlite.go:805.26,807.17 2 0
github.com/korjavin/dutyassistant/internal/store/sqlite/sqlite.go:807.17,809.4 1 0
github.com/korjavin/dutyassistant/internal/store/sqlite/sqlite.go:810.3,810.24 1 0
github.com/korjavin/dutyassistant/internal/store/sqlite/sqlite.go:812.2,814.18 2 0
github.com/korjavin/dutyassistant/internal/store/sqlite/sqlite.go:818.115,828.16 3 0
github.com/korjavin/dutyassistant/internal/store/sqlite/sqlite.go:828.16,830.3 1 0
github.com/korjavin/dutyassistant/internal/store/sqlite/sqlite.go:831.2,834.18 3 0
github.com/korjavin/dutyassistant/internal/store/sqlite/sqlite.go:834.18,841.17 4 0
github.com/korjavin/dutyassistant/internal/store/sqlite/sqlite.go:841.17,843.4 1 0
github.com/korjavin/dutyassistant/internal/store/sqlite/sqlite.go:844.3,845.17 2 0
github.com/korjavin/dutyassistant/internal/store/sqlite/sqlite.go:845.17,847.4 1 0
github.com/korjavin/dutyassistant/internal/store/sqlite/sqlite.go:848.3,849.17 2 0
github.com/korjavin/dutyassistant/internal/store/sqlite/sqlite.go:849.17,851.4 1 0
github.com/korjavin/dutyassistant/internal/store/sqlite/sqlite.go:852.3,853.17 2 0
github.com/korjavin/dutyassistant/internal/store/sqlite/sqlite.go:853.17,855.4 1 0
github.com/korjavin/dutyassistant/internal/store/sqlite/sqlite.go:856.3,858.32 3 0
github.com/korjavin/dutyassistant/internal/store/sqlite/sqlite.go:860.2,860.20 1 0
github.com/korjavin/dutyassistant/internal/store/sqlite/sqlite.go:864.80,866.13 2 0
github.com/korjavin/dutyassistant/internal/store/sqlite/sqlite.go:866.13,868.3 1 0
github.com/korjavin/dutyassistant/internal/store/sqlite/sqlite.go:870.2,872.16 3 0
github.com/korjavin/dutyassistant/internal/store/sqlite/sqlite.go:872.16,874.3 1 0
github.com/korjavin/dutyassistant/internal/store/sqlite/sqlite.go:875.2,875.12 1 0
github.com/korjavin/dutyassistant/internal/store/sqlite/sqlite.go:879.73,883.26 4 0
github.com/korjavin/dutyassistant/internal/store/sqlite/sqlite.go:883.26,886.3 1 0
github.com/korjavin/dutyassistant/internal/store/sqlite/sqlite.go:887.2,887.16 1 0
github.com/korjavin/dutyassistant/internal/store/sqlite/sqlite.go:887.16,889.3 1 0
github.com/korjavin/dutyassistant/internal/store/sqlite/sqlite.go:890.2,890.29 1 0
github.com/korjavin/dutyassistant/internal/store/sqlite/sqlite_chore.go:12.100,24.16 3 1
github.com/korjavin/dutyassistant/internal/store/sqlite/sqlite_chore.go:24.16,26.3 1 0
github.com/korjavin/dutyassistant/internal/store/sqlite/sqlite_chore.go:28.2,29.16 2 1
github.com/korjavin/dutyassistant/internal/store/sqlite/sqlite_chore.go:29.16,31.3 1 0
github.com/korjavin/dutyassistant/internal/store/sqlite/sqlite_chore.go:33.2,34.12 2 1
github.com/korjavin/dutyassistant/internal/store/sqlite/sqlite_chore.go:38.103,58.16 7 1
github.com/korjavin/dutyassistant/internal/store/sqlite/sqlite_chore.go:58.16,59.27 1 0
github.com/korjavin/dutyassistant/internal/store/sqlite/sqlite_chore.go:59.27,61.4 1 0
github.com/korjavin/dutyassistant/internal/store/sqlite/sqlite_chore.go:62.3,62.18 1 0
github.com/korjavin/dutyassistant/internal/store/sqlite/sqlite_chore.go:65.2,67.66 2 1
github.com/korjavin/dutyassistant/internal/store/sqlite/sqlite_chore.go:67.66,69.3 1 1
github.com/korjavin/dutyassistant/internal/store/sqlite/sqlite_chore.go:70.2,70.66 1 1
github.com/korjavin/dutyassistant/internal/store/sqlite/sqlite_chore.go:70.66,72.3 1 1
github.com/korjavin/dutyassistant/internal/store/sqlite/sqlite_chore.go:74.2,74.20 1 1
github.com/korjavin/dutyassistant/internal/store/sqlite/sqlite_chore.go:78.102,86.16 3 1
github.com/korjavin/dutyassistant/internal/store/sqlite/sqlite_chore.go:86.16,88.3 1 0
github.com/korjavin/dutyassistant/internal/store/sqlite/sqlite_chore.go:89.2,92.18 3 1
github.com/korjavin/dutyassistant/internal/store/sqlite/sqlite_chore.go:92.18,105.17 5 1
github.com/korjavin/dutyassistant/internal/store/sqlite/sqlite_chore.go:105.17,107.4 1 0
github.com/korjavin/dutyassistant/internal/store/sqlite/sqlite_chore.go:109.3,110.67 2 1
github.com/korjavin/dutyassistant/internal/store/sqlite/sqlite_chore.go:110.67,112.4 1 1
github.com/korjavin/dutyassistant/internal/store/sqlite/sqlite_chore.go:113.3,113.67 1 1
github.com/korjavin/dutyassistant/internal/store/sqlite/sqlite_chore.go:113.67,115.4 1 1
github.com/korjavin/dutyassistant/internal/store/sqlite/sqlite_chore.go:117.3,117.34 1 1
github.com/korjavin/dutyassistant/internal/store/sqlite/sqlite_chore.go:120.2,120.27 1 1
github.com/korjavin/dutyassistant/internal/store/sqlite/sqlite_chore.go:124.117,132.16 3 1
github.com/korjavin/dutyassistant/internal/store/sqlite/sqlite_chore.go:132.16,134.3 1 0
github.com/korjavin/dutyassistant/internal/store/sqlite/sqlite_chore.go:135.2,138.18 3 1
github.com/korjavin/dutyassistant/internal/store/sqlite/sqlite_chore.go:138.18,151.17 5 1
github.com/korjavin/dutyassistant/internal/store/sqlite/sqlite_chore.go:151.17,153.4 1 0
github.com/korjavin/dutyassistant/internal/store/sqlite/sqlite_chore.go:155.3,156.67 2 1
github.com/korjavin/dutyassistant/internal/store/sqlite/sqlite_chore.go:156.67,158.4 1 1
github.com/korjavin/dutyassistant/internal/store/sqlite/sqlite_chore.go:159.3,159.67 1 1
github.com/korjavin/dutyassistant/internal/store/sqlite/sqlite_chore.go:159.67,161.4 1 1
github.com/korjavin/dutyassistant/internal/store/sqlite/sqlite_chore.go:163.3,163.34 1 1
github.com/korjavin/dutyassistant/internal/store/sqlite/sqlite_chore.go:166.2,166.27 1 1
github.com/korjavin/dutyassistant/internal/store/sqlite/sqlite_chore.go:170.107,178.2 3 1
github.com/korjavin/dutyassistant/internal/store/sqlite/sqlite_chore.go:181.112,188.16 3 1
github.com/korjavin/dutyassistant/internal/store/sqlite/sqlite_chore.go:188.16,190.3 1 0
github.com/korjavin/dutyassistant/internal/store/sqlite/sqlite_chore.go:192.2,193.16 2 1
github.com/korjavin/dutyassistant/internal/store/sqlite/sqlite_chore.go:193.16,195.3 1 0
github.com/korjavin/dutyassistant/internal/store/sqlite/sqlite_chore.go:196.2,196.23 1 1
github.com/korjavin/dutyassistant/internal/store/sqlite/sqlite_chore.go:196.23,198.3 1 1
github.com/korjavin/dutyassistant/internal/store/sqlite/sqlite_chore.go:200.2,200.12 1 1
github.com/korjavin/dutyassistant/internal/store/sqlite/sqlite_chore.go:204.81,211.16 3 1
github.com/korjavin/dutyassistant/internal/store/sqlite/sqlite_chore.go:211.16,213.3 1 0
github.com/korjavin/dutyassistant/internal/store/sqlite/sqlite_chore.go:215.2,216.16 2 1
github.com/korjavin/dutyassistant/internal/store/sqlite/sqlite_chore.go:216.16,218.3 1 0
github.com/korjavin/dutyassistant/internal/store/sqlite/sqlite_chore.go:219.2,219.23 1 1
github.com/korjavin/dutyassistant/internal/store/sqlite/sqlite_chore.go:219.23,221.3 1 1
github.com/korjavin/dutyassistant/internal/store/sqlite/sqlite_chore.go:223.2,223.12 1 1
github.com/korjavin/dutyassistant/internal/telegram/bot.go:23.90,25.16 2 0
github.com/korjavin/dutyassistant/internal/telegram/bot.go:25.16,27.3 1 0
github.com/korjavin/dutyassistant/internal/telegram/bot.go:28.2,39.8 4 0
github.com/korjavin/dutyassistant/internal/telegram/bot.go:43.60,47.2 3 0
github.com/korjavin/dutyassistant/internal/telegram/bot.go:50.64,55.2 4 0
github.com/korjavin/dutyassistant/internal/telegram/bot.go:58.68,63.2 4 0
github.com/korjavin/dutyassistant/internal/telegram/bot.go:67.46,69.43 1 1
github.com/korjavin/dutyassistant/internal/telegram/bot.go:69.43,72.3 2 0
github.com/korjavin/dutyassistant/internal/telegram/bot.go:75.2,75.20 1 1
github.com/korjavin/dutyassistant/internal/telegram/bot.go:75.20,78.3 2 1
github.com/korjavin/dutyassistant/internal/telegram/bot.go:81.2,89.16 3 0
github.com/korjavin/dutyassistant/internal/telegram/bot.go:89.16,92.3 2 0
github.com/korjavin/dutyassistant/internal/telegram/bot.go:95.2,98.16 4 0
github.com/korjavin/dutyassistant/internal/telegram/bot.go:102.42,108.6 4 0
github.com/korjavin/dutyassistant/internal/telegram/bot.go:108.6,109.10 1 0
github.com/korjavin/dutyassistant/internal/telegram/bot.go:110.28,111.26 1 0
github.com/korjavin/dutyassistant/internal/telegram/bot.go:112.21,113.10 1 0
github.com/korjavin/dutyassistant/internal/telegram/bot.go:119.52,126.27 5 1
github.com/korjavin/dutyassistant/internal/telegram/bot.go:126.27,129.3 2 1
github.com/korjavin/dutyassistant/internal/telegram/bot.go:129.8,129.40 1 0
github.com/korjavin/dutyassistant/internal/telegram/bot.go:129.40,132.3 2 0
github.com/korjavin/dutyassistant/internal/telegram/bot.go:135.2,135.43 1 1
github.com/korjavin/dutyassistant/internal/telegram/bot.go:135.43,138.21 3 0
github.com/korjavin/dutyassistant/internal/telegram/bot.go:138.21,140.4 1 0
github.com/korjavin/dutyassistant/internal/telegram/bot.go:141.3,142.49 2 0
github.com/korjavin/dutyassistant/internal/telegram/bot.go:142.49,144.4 1 0
github.com/korjavin/dutyassistant/internal/telegram/bot.go:145.3,145.9 1 0
github.com/korjavin/dutyassistant/internal/telegram/bot.go:148.2,148.9 1 1
github.com/korjavin/dutyassistant/internal/telegram/bot.go:149.29,159.37 4 1
github.com/korjavin/dutyassistant/internal/telegram/bot.go:159.37,161.4 1 1
github.com/korjavin/dutyassistant/internal/telegram/bot.go:161.9,161.40 1 1
github.com/korjavin/dutyassistant/internal/telegram/bot.go:161.40,163.4 1 1
github.com/korjavin/dutyassistant/internal/telegram/bot.go:163.9,166.4 1 0
github.com/korjavin/dutyassistant/internal/telegram/bot.go:167.35,168.62 1 0
github.com/korjavin/dutyassistant/internal/telegram/bot.go:171.2,171.16 1 1
github.com/korjavin/dutyassistant/internal/telegram/bot.go:171.16,174.28 3 0
github.com/korjavin/dutyassistant/internal/telegram/bot.go:174.28,176.4 1 0
github.com/korjavin/dutyassistant/internal/telegram/bot.go:176.9,176.41 1 0
github.com/korjavin/dutyassistant/internal/telegram/bot.go:176.41,178.4 1 0
github.com/korjavin/dutyassistant/internal/telegram/bot.go:179.3,179.18 1 0
github.com/korjavin/dutyassistant/internal/telegram/bot.go:179.18,181.4 1 0
github.com/korjavin/dutyassistant/internal/telegram/bot.go:181.9,183.4 1 0
github.com/korjavin/dutyassistant/internal/telegram/bot.go:186.2,186.21 1 1
github.com/korjavin/dutyassistant/internal/telegram/bot.go:186.21,187.49 1 1
github.com/korjavin/dutyassistant/internal/telegram/bot.go:187.49,189.4 1 0
github.com/korjavin/dutyassistant/internal/telegram/bot.go:194.78,195.21 1 1
github.com/korjavin/dutyassistant/internal/telegram/bot.go:196.15,197.35 1 0
github.com/korjavin/dutyassistant/internal/telegram/bot.go:198.14,199.34 1 0
github.com/korjavin/dutyassistant/internal/telegram/bot.go:200.16,201.36 1 0
github.com/korjavin/dutyassistant/internal/telegram/bot.go:202.18,203.38 1 0
github.com/korjavin/dutyassistant/internal/telegram/bot.go:204.19,205.39 1 0
github.com/korjavin/dutyassistant/internal/telegram/bot.go:206.17,207.37 1 0
github.com/korjavin/dutyassistant/internal/telegram/bot.go:208.15,209.35 1 1
github.com/korjavin/dutyassistant/internal/telegram/bot.go:210.17,211.37 1 0
github.com/korjavin/dutyassistant/internal/telegram/bot.go:212.21,213.40 1 0
github.com/korjavin/dutyassistant/internal/telegram/bot.go:214.16,215.36 1 0
github.com/korjavin/dutyassistant/internal/telegram/bot.go:216.14,217.34 1 0
github.com/korjavin/dutyassistant/internal/telegram/bot.go:218.16,219.36 1 1
github.com/korjavin/dutyassistant/internal/telegram/bot.go:220.14,221.34 1 0
github.com/korjavin/dutyassistant/internal/telegram/bot.go:222.18,223.38 1 0
github.com/korjavin/dutyassistant/internal/telegram/bot.go:224.16,225.36 1 0
github.com/korjavin/dutyassistant/internal/telegram/bot.go:226.16,227.36 1 0
github.com/korjavin/dutyassistant/internal/telegram/bot.go:228.17,229.37 1 0
github.com/korjavin/dutyassistant/internal/telegram/bot.go:230.15,231.35 1 0
github.com/korjavin/dutyassistant/internal/telegram/bot.go:232.17,233.45 1 0
github.com/korjavin/dutyassistant/internal/telegram/bot.go:234.18,235.38 1 0
github.com/korjavin/dutyassistant/internal/telegram/bot.go:236.39,237.42 1 0
github.com/korjavin/dutyassistant/internal/telegram/bot.go:238.18,239.38 1 0
github.com/korjavin/dutyassistant/internal/telegram/bot.go:240.10,242.18 2 0
github.com/korjavin/dutyassistant/internal/telegram/bot.go:247.90,250.51 2 0
github.com/korjavin/dutyassistant/internal/telegram/bot.go:250.51,252.3 1 0
github.com/korjavin/dutyassistant/internal/telegram/bot.go:254.2,256.16 2 0
github.com/korjavin/dutyassistant/internal/telegram/bot.go:257.58,259.46 1 0
github.com/korjavin/dutyassistant/internal/telegram/bot.go:260.32,262.18 1 0
github.com/korjavin/dutyassistant/internal/telegram/bot.go:263.29,264.18 1 0
github.com/korjavin/dutyassistant/internal/telegram/bot.go:265.21,266.48 1 0
github.com/korjavin/dutyassistant/internal/telegram/bot.go:267.21,268.48 1 0
github.com/korjavin/dutyassistant/internal/telegram/bot.go:269.23,270.50 1 0
github.com/korjavin/dutyassistant/internal/telegram/bot.go:271.23,272.50 1 0
github.com/korjavin/dutyassistant/internal/telegram/bot.go:273.23,274.50 1 0
github.com/korjavin/dutyassistant/internal/telegram/bot.go:275.24,276.51 1 0
github.com/korjavin/dutyassistant/internal/telegram/bot.go:277.26,278.53 1 0
github.com/korjavin/dutyassistant/internal/telegram/bot.go:279.21,280.48 1 0
github.com/korjavin/dutyassistant/internal/telegram/bot.go:281.21,282.48 1 0
github.com/korjavin/dutyassistant/internal/telegram/bot.go:283.21,284.48 1 0
github.com/korjavin/dutyassistant/internal/telegram/bot.go:285.22,286.49 1 0
github.com/korjavin/dutyassistant/internal/telegram/bot.go:287.18,288.46 1 0
github.com/korjavin/dutyassistant/internal/telegram/bot.go:289.20,290.47 1 0
github.com/korjavin/dutyassistant/internal/telegram/bot.go:291.22,292.49 1 0
github.com/korjavin/dutyassistant/internal/telegram/bot.go:293.24,294.51 1 0
github.com/korjavin/dutyassistant/internal/telegram/bot.go:295.20,296.47 1 0
github.com/korjavin/dutyassistant/internal/telegram/bot.go:297.22,298.49 1 0
github.com/korjavin/dutyassistant/internal/telegram/bot.go:299.22,300.49 1 0
github.com/korjavin/dutyassistant/internal/telegram/bot.go:301.30,302.56 1 0
github.com/korjavin/dutyassistant/internal/telegram/bot.go:303.27,304.54 1 0
github.com/korjavin/dutyassistant/internal/telegram/bot.go:305.35,306.61 1 0
github.com/korjavin/dutyassistant/internal/telegram/bot.go:307.14,308.42 1 0
github.com/korjavin/dutyassistant/internal/telegram/bot.go:309.21,310.40 1 0
github.com/korjavin/dutyassistant/internal/telegram/bot.go:311.10,313.18 2 0
github.com/korjavin/dutyassistant/internal/telegram/bot.go:318.78,321.13 2 1
github.com/korjavin/dutyassistant/internal/telegram/bot.go:321.13,324.3 1 0
github.com/korjavin/dutyassistant/internal/telegram/bot.go:327.2,327.22 1 1
github.com/korjavin/dutyassistant/internal/telegram/bot.go:328.41,329.46 1 0
github.com/korjavin/dutyassistant/internal/telegram/bot.go:330.40,331.53 1 1
github.com/korjavin/dutyassistant/internal/telegram/bot.go:332.37,333.50 1 1
github.com/korjavin/dutyassistant/internal/telegram/bot.go:334.10,336.18 2 0
github.com/korjavin/dutyassistant/internal/telegram/bot.go:341.38,343.2 1 0
github.com/korjavin/dutyassistant/internal/telegram/handlers/admin.go:29.67,30.20 1 1
github.com/korjavin/dutyassistant/internal/telegram/handlers/admin.go:30.20,34.32 3 1
github.com/korjavin/dutyassistant/internal/telegram/handlers/admin.go:34.32,37.4 2 1
github.com/korjavin/dutyassistant/internal/telegram/handlers/admin.go:38.3,39.27 2 1
github.com/korjavin/dutyassistant/internal/telegram/handlers/admin.go:41.2,43.21 3 1
github.com/korjavin/dutyassistant/internal/telegram/handlers/admin.go:47.86,49.28 2 1
github.com/korjavin/dutyassistant/internal/telegram/handlers/admin.go:49.28,51.3 1 1
github.com/korjavin/dutyassistant/internal/telegram/handlers/admin.go:53.2,56.20 2 1
github.com/korjavin/dutyassistant/internal/telegram/handlers/admin.go:56.20,58.36 2 0
github.com/korjavin/dutyassistant/internal/telegram/handlers/admin.go:58.36,61.4 2 0
github.com/korjavin/dutyassistant/internal/telegram/handlers/admin.go:64.3,65.27 2 0
github.com/korjavin/dutyassistant/internal/telegram/handlers/admin.go:65.27,73.4 2 0
github.com/korjavin/dutyassistant/internal/telegram/handlers/admin.go:75.3,79.18 5 0
github.com/korjavin/dutyassistant/internal/telegram/handlers/admin.go:83.2,83.20 1 1
github.com/korjavin/dutyassistant/internal/telegram/handlers/admin.go:83.20,87.3 3 0
github.com/korjavin/dutyassistant/internal/telegram/handlers/admin.go:89.2,92.29 4 1
github.com/korjavin/dutyassistant/internal/telegram/handlers/admin.go:92.29,96.3 3 1
github.com/korjavin/dutyassistant/internal/telegram/handlers/admin.go:98.2,99.31 2 1
github.com/korjavin/dutyassistant/internal/telegram/handlers/admin.go:99.31,103.21 3 1
github.com/korjavin/dutyassistant/internal/telegram/handlers/admin.go:103.21,105.28 2 0
github.com/korjavin/dutyassistant/internal/telegram/handlers/admin.go:105.28,107.5 1 0
github.com/korjavin/dutyassistant/internal/telegram/handlers/admin.go:109.3,109.111 1 1
github.com/korjavin/dutyassistant/internal/telegram/handlers/admin.go:112.2,112.81 1 1
github.com/korjavin/dutyassistant/internal/telegram/handlers/admin.go:112.81,114.3 1 0
github.com/korjavin/dutyassistant/internal/telegram/handlers/admin.go:116.2,116.132 1 1
github.com/korjavin/dutyassistant/internal/telegram/handlers/admin.go:120.88,122.28 2 0
github.com/korjavin/dutyassistant/internal/telegram/handlers/admin.go:122.28,124.3 1 0
github.com/korjavin/dutyassistant/internal/telegram/handlers/admin.go:126.2,129.20 2 0
github.com/korjavin/dutyassistant/internal/telegram/handlers/admin.go:129.20,132.36 2 0
github.com/korjavin/dutyassistant/internal/telegram/handlers/admin.go:132.36,135.4 2 0
github.com/korjavin/dutyassistant/internal/telegram/handlers/admin.go:138.3,139.27 2 0
github.com/korjavin/dutyassistant/internal/telegram/handlers/admin.go:139.27,147.4 2 0
github.com/korjavin/dutyassistant/internal/telegram/handlers/admin.go:149.3,157.18 6 0
github.com/korjavin/dutyassistant/internal/telegram/handlers/admin.go:161.2,161.20 1 0
github.com/korjavin/dutyassistant/internal/telegram/handlers/admin.go:161.20,165.3 3 0
github.com/korjavin/dutyassistant/internal/telegram/handlers/admin.go:167.2,170.29 4 0
github.com/korjavin/dutyassistant/internal/telegram/handlers/admin.go:170.29,174.3 3 0
github.com/korjavin/dutyassistant/internal/telegram/handlers/admin.go:176.2,177.31 2 0
github.com/korjavin/dutyassistant/internal/telegram/handlers/admin.go:177.31,179.3 1 0
github.com/korjavin/dutyassistant/internal/telegram/handlers/admin.go:181.2,181.83 1 0
github.com/korjavin/dutyassistant/internal/telegram/handlers/admin.go:181.83,183.3 1 0
github.com/korjavin/dutyassistant/internal/telegram/handlers/admin.go:185.2,185.136 1 0
github.com/korjavin/dutyassistant/internal/telegram/handlers/admin.go:190.86,192.28 2 1
github.com/korjavin/dutyassistant/internal/telegram/handlers/admin.go:192.28,194.3 1 1
github.com/korjavin/dutyassistant/internal/telegram/handlers/admin.go:196.2,199.20 2 0
github.com/korjavin/dutyassistant/internal/telegram/handlers/admin.go:199.20,203.26 3 0
github.com/korjavin/dutyassistant/internal/telegram/handlers/admin.go:203.26,207.14 4 0
github.com/korjavin/dutyassistant/internal/telegram/handlers/admin.go:207.14,209.5 1 0
github.com/korjavin/dutyassistant/internal/telegram/handlers/admin.go:210.4,213.34 2 0
github.com/korjavin/dutyassistant/internal/telegram/handlers/admin.go:216.3,220.18 5 0
github.com/korjavin/dutyassistant/internal/telegram/handlers/admin.go:224.2,224.20 1 0
github.com/korjavin/dutyassistant/internal/telegram/handlers/admin.go:224.20,227.17 3 0
github.com/korjavin/dutyassistant/internal/telegram/handlers/admin.go:227.17,232.4 3 0
github.com/korjavin/dutyassistant/internal/telegram/handlers/admin.go:234.3,235.36 2 0
github.com/korjavin/dutyassistant/internal/telegram/handlers/admin.go:235.36,237.4 1 0
github.com/korjavin/dutyassistant/internal/telegram/handlers/admin.go:239.3,240.27 2 0
github.com/korjavin/dutyassistant/internal/telegram/handlers/admin.go:240.27,248.4 2 0
github.com/korjavin/dutyassistant/internal/telegram/handlers/admin.go:250.3,254.18 5 0
github.com/korjavin/dutyassistant/internal/telegram/handlers/admin.go:257.2,257.20 1 0
github.com/korjavin/dutyassistant/internal/telegram/handlers/admin.go:257.20,261.3 3 0
github.com/korjavin/dutyassistant/internal/telegram/handlers/admin.go:263.2,265.16 3 0
github.com/korjavin/dutyassistant/internal/telegram/handlers/admin.go:265.16,267.3 1 0
github.com/korjavin/dutyassistant/internal/telegram/handlers/admin.go:269.2,270.31 2 0
github.com/korjavin/dutyassistant/internal/telegram/handlers/admin.go:270.31,272.3 1 0
github.com/korjavin/dutyassistant/internal/telegram/handlers/admin.go:274.2,274.95 1 0
github.com/korjavin/dutyassistant/internal/telegram/handlers/admin.go:274.95,276.3 1 0
github.com/korjavin/dutyassistant/internal/telegram/handlers/admin.go:278.2,278.98 1 0
github.com/korjavin/dutyassistant/internal/telegram/handlers/admin.go:282.85,284.28 2 1
github.com/korjavin/dutyassistant/internal/telegram/handlers/admin.go:284.28,286.3 1 1
github.com/korjavin/dutyassistant/internal/telegram/handlers/admin.go:288.2,289.16 2 1
github.com/korjavin/dutyassistant/internal/telegram/handlers/admin.go:289.16,291.3 1 0
github.com/korjavin/dutyassistant/internal/telegram/handlers/admin.go:293.2,293.21 1 1
github.com/korjavin/dutyassistant/internal/telegram/handlers/admin.go:293.21,295.3 1 0
github.com/korjavin/dutyassistant/internal/telegram/handlers/admin.go:298.2,299.16 2 1
github.com/korjavin/dutyassistant/internal/telegram/handlers/admin.go:299.16,301.3 1 0
github.com/korjavin/dutyassistant/internal/telegram/handlers/admin.go:303.2,308.16 4 1
github.com/korjavin/dutyassistant/internal/telegram/handlers/admin.go:308.16,310.3 1 0
github.com/korjavin/dutyassistant/internal/telegram/handlers/admin.go:312.2,313.33 2 1
github.com/korjavin/dutyassistant/internal/telegram/handlers/admin.go:313.33,315.3 1 1
github.com/korjavin/dutyassistant/internal/telegram/handlers/admin.go:317.2,319.16 3 1
github.com/korjavin/dutyassistant/internal/telegram/handlers/admin.go:319.16,321.3 1 0
github.com/korjavin/dutyassistant/internal/telegram/handlers/admin.go:322.2,323.26 2 1
github.com/korjavin/dutyassistant/internal/telegram/handlers/admin.go:323.26,325.18 2 1
github.com/korjavin/dutyassistant/internal/telegram/handlers/admin.go:325.18,327.4 1 1
github.com/korjavin/dutyassistant/internal/telegram/handlers/admin.go:328.3,329.16 2 1
github.com/korjavin/dutyassistant/internal/telegram/handlers/admin.go:329.16,331.4 1 1
github.com/korjavin/dutyassistant/internal/telegram/handlers/admin.go:333.3,336.66 2 1
github.com/korjavin/dutyassistant/internal/telegram/handlers/admin.go:336.66,337.29 1 1
github.com/korjavin/dutyassistant/internal/telegram/handlers/admin.go:337.29,339.5 1 1
github.com/korjavin/dutyassistant/internal/telegram/handlers/admin.go:343.3,343.55 1 1
github.com/korjavin/dutyassistant/internal/telegram/handlers/admin.go:343.55,345.4 1 0
github.com/korjavin/dutyassistant/internal/telegram/handlers/admin.go:348.3,348.51 1 1
github.com/korjavin/dutyassistant/internal/telegram/handlers/admin.go:348.51,350.33 2 1
github.com/korjavin/dutyassistant/internal/telegram/handlers/admin.go:350.33,354.5 1 1
github.com/korjavin/dutyassistant/internal/telegram/handlers/admin.go:356.3,356.28 1 1
github.com/korjavin/dutyassistant/internal/telegram/handlers/admin.go:359.2,361.17 3 1
github.com/korjavin/dutyassistant/internal/telegram/handlers/admin.go:365.92,367.28 2 1
github.com/korjavin/dutyassistant/internal/telegram/handlers/admin.go:367.28,369.3 1 1
github.com/korjavin/dutyassistant/internal/telegram/handlers/admin.go:371.2,372.20 2 1
github.com/korjavin/dutyassistant/internal/telegram/handlers/admin.go:372.20,374.36 2 0
github.com/korjavin/dutyassistant/internal/telegram/handlers/admin.go:374.36,376.4 1 0
github.com/korjavin/dutyassistant/internal/telegram/handlers/admin.go:378.3,379.27 2 0
github.com/korjavin/dutyassistant/internal/telegram/handlers/admin.go:379.27,381.19 2 0
github.com/korjavin/dutyassistant/internal/telegram/handlers/admin.go:381.19,383.5 1 0
github.com/korjavin/dutyassistant/internal/telegram/handlers/admin.go:384.4,390.34 2 0
github.com/korjavin/dutyassistant/internal/telegram/handlers/admin.go:393.3,397.18 5 0
github.com/korjavin/dutyassistant/internal/telegram/handlers/admin.go:400.2,401.31 2 1
github.com/korjavin/dutyassistant/internal/telegram/handlers/admin.go:401.31,403.3 1 0
github.com/korjavin/dutyassistant/internal/telegram/handlers/admin.go:405.2,406.71 2 1
github.com/korjavin/dutyassistant/internal/telegram/handlers/admin.go:406.71,408.3 1 0
github.com/korjavin/dutyassistant/internal/telegram/handlers/admin.go:410.2,411.20 2 1
github.com/korjavin/dutyassistant/internal/telegram/handlers/admin.go:411.20,413.3 1 1
github.com/korjavin/dutyassistant/internal/telegram/handlers/admin.go:414.2,414.106 1 1
github.com/korjavin/dutyassistant/internal/telegram/handlers/admin.go:418.87,420.28 2 0
github.com/korjavin/dutyassistant/internal/telegram/handlers/admin.go:420.28,422.3 1 0
github.com/korjavin/dutyassistant/internal/telegram/handlers/admin.go:424.2,427.20 2 0
github.com/korjavin/dutyassistant/internal/telegram/handlers/admin.go:427.20,429.36 2 0
github.com/korjavin/dutyassistant/internal/telegram/handlers/admin.go:429.36,432.4 2 0
github.com/korjavin/dutyassistant/internal/telegram/handlers/admin.go:434.3,435.27 2 0
github.com/korjavin/dutyassistant/internal/telegram/handlers/admin.go:435.27,443.4 2 0
github.com/korjavin/dutyassistant/internal/telegram/handlers/admin.go:445.3,449.18 5 0
github.com/korjavin/dutyassistant/internal/telegram/handlers/admin.go:452.2,452.20 1 0
github.com/korjavin/dutyassistant/internal/telegram/handlers/admin.go:452.20,460.3 3 0
github.com/korjavin/dutyassistant/internal/telegram/handlers/admin.go:462.2,462.20 1 0
github.com/korjavin/dutyassistant/internal/telegram/handlers/admin.go:462.20,470.3 3 0
github.com/korjavin/dutyassistant/internal/telegram/handlers/admin.go:472.2,474.16 3 0
github.com/korjavin/dutyassistant/internal/telegram/handlers/admin.go:474.16,482.3 3 0
github.com/korjavin/dutyassistant/internal/telegram/handlers/admin.go:484.2,485.16 2 0
github.com/korjavin/dutyassistant/internal/telegram/handlers/admin.go:485.16,493.3 3 0
github.com/korjavin/dutyassistant/internal/telegram/handlers/admin.go:495.2,496.31 2 0
github.com/korjavin/dutyassistant/internal/telegram/handlers/admin.go:496.31,499.21 3 0
github.com/korjavin/dutyassistant/internal/telegram/handlers/admin.go:499.21,501.28 2 0
github.com/korjavin/dutyassistant/internal/telegram/handlers/admin.go:501.28,503.5 1 0
github.com/korjavin/dutyassistant/internal/telegram/handlers/admin.go:505.3,505.111 1 0
github.com/korjavin/dutyassistant/internal/telegram/handlers/admin.go:508.2,508.98 1 0
github.com/korjavin/dutyassistant/internal/telegram/handlers/admin.go:508.98,510.3 1 0
github.com/korjavin/dutyassistant/internal/telegram/handlers/admin.go:512.2,512.126 1 0
github.com/korjavin/dutyassistant/internal/telegram/handlers/admin.go:517.86,519.2 1 0
github.com/korjavin/dutyassistant/internal/telegram/handlers/admin.go:522.112,524.21 2 0
github.com/korjavin/dutyassistant/internal/telegram/handlers/admin.go:524.21,526.3 1 0
github.com/korjavin/dutyassistant/internal/telegram/handlers/admin.go:528.2,534.31 5 0
github.com/korjavin/dutyassistant/internal/telegram/handlers/admin.go:534.31,537.27 2 0
github.com/korjavin/dutyassistant/internal/telegram/handlers/admin.go:537.27,538.18 1 0
github.com/korjavin/dutyassistant/internal/telegram/handlers/admin.go:538.18,540.10 2 0
github.com/korjavin/dutyassistant/internal/telegram/handlers/admin.go:545.2,545.17 1 0
github.com/korjavin/dutyassistant/internal/telegram/handlers/admin.go:545.17,548.3 2 0
github.com/korjavin/dutyassistant/internal/telegram/handlers/admin.go:551.2,553.35 3 0
github.com/korjavin/dutyassistant/internal/telegram/handlers/admin.go:553.35,558.31 2 0
github.com/korjavin/dutyassistant/internal/telegram/handlers/admin.go:558.31,561.4 2 0
github.com/korjavin/dutyassistant/internal/telegram/handlers/admin.go:564.2,576.18 6 0
github.com/korjavin/dutyassistant/internal/telegram/handlers/admin.go:580.112,582.21 2 0
github.com/korjavin/dutyassistant/internal/telegram/handlers/admin.go:582.21,584.3 1 0
github.com/korjavin/dutyassistant/internal/telegram/handlers/admin.go:586.2,593.26 6 0
github.com/korjavin/dutyassistant/internal/telegram/handlers/admin.go:593.26,594.21 1 0
github.com/korjavin/dutyassistant/internal/telegram/handlers/admin.go:594.21,596.9 2 0
github.com/korjavin/dutyassistant/internal/telegram/handlers/admin.go:600.2,600.17 1 0
github.com/korjavin/dutyassistant/internal/telegram/handlers/admin.go:600.17,603.3 2 0
github.com/korjavin/dutyassistant/internal/telegram/handlers/admin.go:606.2,607.16 2 0
github.com/korjavin/dutyassistant/internal/telegram/handlers/admin.go:607.16,614.3 2 0
github.com/korjavin/dutyassistant/internal/telegram/handlers/admin.go:616.2,622.18 3 0
github.com/korjavin/dutyassistant/internal/telegram/handlers/admin.go:626.114,628.21 2 0
github.com/korjavin/dutyassistant/internal/telegram/handlers/admin.go:628.21,630.3 1 0
github.com/korjavin/dutyassistant/internal/telegram/handlers/admin.go:632.2,638.26 5 0
github.com/korjavin/dutyassistant/internal/telegram/handlers/admin.go:638.26,639.21 1 0
github.com/korjavin/dutyassistant/internal/telegram/handlers/admin.go:639.21,641.9 2 0
github.com/korjavin/dutyassistant/internal/telegram/handlers/admin.go:645.2,646.17 2 0
github.com/korjavin/dutyassistant/internal/telegram/handlers/admin.go:646.17,648.3 1 0
github.com/korjavin/dutyassistant/internal/telegram/handlers/admin.go:650.2,656.18 3 0
github.com/korjavin/dutyassistant/internal/telegram/handlers/admin.go:660.114,662.21 2 0
github.com/korjavin/dutyassistant/internal/telegram/handlers/admin.go:662.21,664.3 1 0
github.com/korjavin/dutyassistant/internal/telegram/handlers/admin.go:666.2,673.26 6 0
github.com/korjavin/dutyassistant/internal/telegram/handlers/admin.go:673.26,674.17 1 0
github.com/korjavin/dutyassistant/internal/telegram/handlers/admin.go:674.17,676.9 2 0
github.com/korjavin/dutyassistant/internal/telegram/handlers/admin.go:680.2,680.17 1 0
github.com/korjavin/dutyassistant/internal/telegram/handlers/admin.go:680.17,683.3 2 0
github.com/korjavin/dutyassistant/internal/telegram/handlers/admin.go:686.2,693.65 4 0
github.com/korjavin/dutyassistant/internal/telegram/handlers/admin.go:693.65,698.20 2 0
github.com/korjavin/dutyassistant/internal/telegram/handlers/admin.go:698.20,701.4 2 0
github.com/korjavin/dutyassistant/internal/telegram/handlers/admin.go:703.2,703.18 1 0
github.com/korjavin/dutyassistant/internal/telegram/handlers/admin.go:703.18,705.3 1 0
github.com/korjavin/dutyassistant/internal/telegram/handlers/admin.go:708.2,727.18 7 0
github.com/korjavin/dutyassistant/internal/telegram/handlers/admin.go:731.114,733.21 2 0
github.com/korjavin/dutyassistant/internal/telegram/handlers/admin.go:733.21,735.3 1 0
github.com/korjavin/dutyassistant/internal/telegram/handlers/admin.go:737.2,744.26 6 0
github.com/korjavin/dutyassistant/internal/telegram/handlers/admin.go:744.26,745.21 1 0
github.com/korjavin/dutyassistant/internal/telegram/handlers/admin.go:745.21,747.9 2 0
github.com/korjavin/dutyassistant/internal/telegram/handlers/admin.go:751.2,751.17 1 0
github.com/korjavin/dutyassistant/internal/telegram/handlers/admin.go:751.17,754.3 2 0
github.com/korjavin/dutyassistant/internal/telegram/handlers/admin.go:757.2,758.16 2 0
github.com/korjavin/dutyassistant/internal/telegram/handlers/admin.go:758.16,765.3 2 0
github.com/korjavin/dutyassistant/internal/telegram/handlers/admin.go:767.2,773.18 3 0
github.com/korjavin/dutyassistant/internal/telegram/handlers/admin.go:777.112,779.21 2 0
github.com/korjavin/dutyassistant/internal/telegram/handlers/admin.go:779.21,781.3 1 0
github.com/korjavin/dutyassistant/internal/telegram/handlers/admin.go:783.2,786.35 3 0
github.com/korjavin/dutyassistant/internal/telegram/handlers/admin.go:786.35,789.3 2 0
github.com/korjavin/dutyassistant/internal/telegram/handlers/admin.go:791.2,792.26 2 0
github.com/korjavin/dutyassistant/internal/telegram/handlers/admin.go:792.26,800.3 2 0
github.com/korjavin/dutyassistant/internal/telegram/handlers/admin.go:802.2,810.18 5 0
github.com/korjavin/dutyassistant/internal/telegram/handlers/admin.go:814.112,816.21 2 0
github.com/korjavin/dutyassistant/internal/telegram/handlers/admin.go:816.21,818.3 1 0
github.com/korjavin/dutyassistant/internal/telegram/handlers/admin.go:820.2,825.16 5 0
github.com/korjavin/dutyassistant/internal/telegram/handlers/admin.go:825.16,832.3 2 0
github.com/korjavin/dutyassistant/internal/telegram/handlers/admin.go:834.2,836.26 3 0
github.com/korjavin/dutyassistant/internal/telegram/handlers/admin.go:836.26,837.21 1 0
github.com/korjavin/dutyassistant/internal/telegram/handlers/admin.go:837.21,839.9 2 0
github.com/korjavin/dutyassistant/internal/telegram/handlers/admin.go:843.2,843.17 1 0
github.com/korjavin/dutyassistant/internal/telegram/handlers/admin.go:843.17,846.3 2 0
github.com/korjavin/dutyassistant/internal/telegram/handlers/admin.go:848.2,848.95 1 0
github.com/korjavin/dutyassistant/internal/telegram/handlers/admin.go:848.95,855.3 2 0
github.com/korjavin/dutyassistant/internal/telegram/handlers/admin.go:857.2,863.18 3 0
github.com/korjavin/dutyassistant/internal/telegram/handlers/admin.go:867.112,869.21 2 0
github.com/korjavin/dutyassistant/internal/telegram/handlers/admin.go:869.21,871.3 1 0
github.com/korjavin/dutyassistant/internal/telegram/handlers/admin.go:873.2,878.26 5 0
github.com/korjavin/dutyassistant/internal/telegram/handlers/admin.go:878.26,879.21 1 0
github.com/korjavin/dutyassistant/internal/telegram/handlers/admin.go:879.21,881.9 2 0
github.com/korjavin/dutyassistant/internal/telegram/handlers/admin.go:885.2,885.17 1 0
github.com/korjavin/dutyassistant/internal/telegram/handlers/admin.go:885.17,888.3 2 0
github.com/korjavin/dutyassistant/internal/telegram/handlers/admin.go:890.2,891.71 2 0
github.com/korjavin/dutyassistant/internal/telegram/handlers/admin.go:891.71,898.3 2 0
github.com/korjavin/dutyassistant/internal/telegram/handlers/admin.go:900.2,901.20 2 0
github.com/korjavin/dutyassistant/internal/telegram/handlers/admin.go:901.20,903.3 1 0
github.com/korjavin/dutyassistant/internal/telegram/handlers/admin.go:905.2,911.18 3 0
github.com/korjavin/dutyassistant/internal/telegram/handlers/admin.go:915.113,917.21 2 0
github.com/korjavin/dutyassistant/internal/telegram/handlers/admin.go:917.21,919.3 1 0
github.com/korjavin/dutyassistant/internal/telegram/handlers/admin.go:921.2,929.18 4 0
github.com/korjavin/dutyassistant/internal/telegram/handlers/admin.go:933.88,935.28 2 0
github.com/korjavin/dutyassistant/internal/telegram/handlers/admin.go:935.28,937.3 1 0
github.com/korjavin/dutyassistant/internal/telegram/handlers/admin.go:939.2,942.20 2 0
github.com/korjavin/dutyassistant/internal/telegram/handlers/admin.go:942.20,944.17 2 0
github.com/korjavin/dutyassistant/internal/telegram/handlers/admin.go:944.17,946.4 1 0
github.com/korjavin/dutyassistant/internal/telegram/handlers/admin.go:948.3,949.17 2 0
github.com/korjavin/dutyassistant/internal/telegram/handlers/admin.go:949.17,951.4 1 0
github.com/korjavin/dutyassistant/internal/telegram/handlers/admin.go:954.3,964.18 7 0
github.com/korjavin/dutyassistant/internal/telegram/handlers/admin.go:968.2,970.13 3 0
github.com/korjavin/dutyassistant/internal/telegram/handlers/admin.go:971.35,972.17 1 0
github.com/korjavin/dutyassistant/internal/telegram/handlers/admin.go:973.38,974.18 1 0
github.com/korjavin/dutyassistant/internal/telegram/handlers/admin.go:975.10,978.18 3 0
github.com/korjavin/dutyassistant/internal/telegram/handlers/admin.go:981.2,982.16 2 0
github.com/korjavin/dutyassistant/internal/telegram/handlers/admin.go:982.16,984.3 1 0
github.com/korjavin/dutyassistant/internal/telegram/handlers/admin.go:986.2,988.13 3 0
github.com/korjavin/dutyassistant/internal/telegram/handlers/admin.go:988.13,991.3 2 0
github.com/korjavin/dutyassistant/internal/telegram/handlers/admin.go:993.2,993.113 1 0
github.com/korjavin/dutyassistant/internal/telegram/handlers/admin.go:997.110,999.21 2 0
github.com/korjavin/dutyassistant/internal/telegram/handlers/admin.go:999.21,1001.3 1 0
github.com/korjavin/dutyassistant/internal/telegram/handlers/admin.go:1003.2,1006.16 3 0
github.com/korjavin/dutyassistant/internal/telegram/handlers/admin.go:1006.16,1013.3 2 0
github.com/korjavin/dutyassistant/internal/telegram/handlers/admin.go:1015.2,1017.13 3 0
github.com/korjavin/dutyassistant/internal/telegram/handlers/admin.go:1017.13,1020.3 2 0
github.com/korjavin/dutyassistant/internal/telegram/handlers/admin.go:1022.2,1028.18 3 0
github.com/korjavin/dutyassistant/internal/telegram/handlers/admin.go:1033.88,1035.28 2 1
github.com/korjavin/dutyassistant/internal/telegram/handlers/admin.go:1035.28,1037.3 1 1
github.com/korjavin/dutyassistant/internal/telegram/handlers/admin.go:1039.2,1040.16 2 1
github.com/korjavin/dutyassistant/internal/telegram/handlers/admin.go:1040.16,1043.3 2 1
github.com/korjavin/dutyassistant/internal/telegram/handlers/admin.go:1045.2,1045.22 1 1
github.com/korjavin/dutyassistant/internal/telegram/handlers/admin.go:1045.22,1048.3 2 1
github.com/korjavin/dutyassistant/internal/telegram/handlers/admin.go:1051.2,1052.31 2 1
github.com/korjavin/dutyassistant/internal/telegram/handlers/admin.go:1052.31,1053.24 1 1
github.com/korjavin/dutyassistant/internal/telegram/handlers/admin.go:1053.24,1054.12 1 1
github.com/korjavin/dutyassistant/internal/telegram/handlers/admin.go:1058.3,1059.33 2 1
github.com/korjavin/dutyassistant/internal/telegram/handlers/admin.go:1059.33,1061.4 1 1
github.com/korjavin/dutyassistant/internal/telegram/handlers/admin.go:1064.3,1071.33 3 1
github.com/korjavin/dutyassistant/internal/telegram/handlers/admin.go:1074.2,1074.23 1 1
github.com/korjavin/dutyassistant/internal/telegram/handlers/admin.go:1074.23,1076.3 1 1
github.com/korjavin/dutyassistant/internal/telegram/handlers/admin.go:1078.2,1086.17 6 1
github.com/korjavin/dutyassistant/internal/telegram/handlers/admin.go:1090.115,1091.19 1 1
github.com/korjavin/dutyassistant/internal/telegram/handlers/admin.go:1091.19,1098.3 2 0
github.com/korjavin/dutyassistant/internal/telegram/handlers/admin.go:1100.2,1101.28 2 1
github.com/korjavin/dutyassistant/internal/telegram/handlers/admin.go:1101.28,1108.3 2 1
github.com/korjavin/dutyassistant/internal/telegram/handlers/admin.go:1111.2,1112.21 2 1
github.com/korjavin/dutyassistant/internal/telegram/handlers/admin.go:1112.21,1120.3 3 1
github.com/korjavin/dutyassistant/internal/telegram/handlers/admin.go:1122.2,1124.35 2 1
github.com/korjavin/dutyassistant/internal/telegram/handlers/admin.go:1124.35,1131.3 2 0
github.com/korjavin/dutyassistant/internal/telegram/handlers/admin.go:1134.2,1135.16 2 1
github.com/korjavin/dutyassistant/internal/telegram/handlers/admin.go:1135.16,1143.3 3 1
github.com/korjavin/dutyassistant/internal/telegram/handlers/admin.go:1145.2,1145.39 1 1
github.com/korjavin/dutyassistant/internal/telegram/handlers/admin.go:1145.39,1152.3 2 1
github.com/korjavin/dutyassistant/internal/telegram/handlers/admin.go:1155.2,1165.92 2 1
github.com/korjavin/dutyassistant/internal/telegram/handlers/admin.go:1165.92,1173.3 3 1
github.com/korjavin/dutyassistant/internal/telegram/handlers/admin.go:1176.2,1180.81 3 1
github.com/korjavin/dutyassistant/internal/telegram/handlers/admin.go:1180.81,1183.3 2 0
github.com/korjavin/dutyassistant/internal/telegram/handlers/admin.go:1187.2,1190.19 4 1
github.com/korjavin/dutyassistant/internal/telegram/handlers/admin.go:1190.19,1192.3 1 1
github.com/korjavin/dutyassistant/internal/telegram/handlers/admin.go:1193.2,1200.18 3 1
github.com/korjavin/dutyassistant/internal/telegram/handlers/cancel_interactive.go:16.97,18.16 2 1
github.com/korjavin/dutyassistant/internal/telegram/handlers/cancel_interactive.go:18.16,21.3 2 0
github.com/korjavin/dutyassistant/internal/telegram/handlers/cancel_interactive.go:23.2,24.16 2 1
github.com/korjavin/dutyassistant/internal/telegram/handlers/cancel_interactive.go:24.16,27.3 2 0
github.com/korjavin/dutyassistant/internal/telegram/handlers/cancel_interactive.go:30.2,36.16 5 1
github.com/korjavin/dutyassistant/internal/telegram/handlers/cancel_interactive.go:36.16,37.28 1 1
github.com/korjavin/dutyassistant/internal/telegram/handlers/cancel_interactive.go:37.28,38.33 1 1
github.com/korjavin/dutyassistant/internal/telegram/handlers/cancel_interactive.go:38.33,40.5 1 1
github.com/korjavin/dutyassistant/internal/telegram/handlers/cancel_interactive.go:44.2,46.20 3 1
github.com/korjavin/dutyassistant/internal/telegram/handlers/cancel_interactive.go:46.20,47.37 1 1
github.com/korjavin/dutyassistant/internal/telegram/handlers/cancel_interactive.go:47.37,49.4 1 1
github.com/korjavin/dutyassistant/internal/telegram/handlers/cancel_interactive.go:52.2,52.71 1 1
github.com/korjavin/dutyassistant/internal/telegram/handlers/cancel_interactive.go:52.71,54.3 1 0
github.com/korjavin/dutyassistant/internal/telegram/handlers/cancel_interactive.go:56.2,59.35 2 1
github.com/korjavin/dutyassistant/internal/telegram/handlers/cancel_interactive.go:59.35,60.20 1 1
github.com/korjavin/dutyassistant/internal/telegram/handlers/cancel_interactive.go:60.20,61.12 1 1
github.com/korjavin/dutyassistant/internal/telegram/handlers/cancel_interactive.go:63.3,66.116 4 1
github.com/korjavin/dutyassistant/internal/telegram/handlers/cancel_interactive.go:69.2,69.27 1 1
github.com/korjavin/dutyassistant/internal/telegram/handlers/cancel_interactive.go:69.27,71.21 2 1
github.com/korjavin/dutyassistant/internal/telegram/handlers/cancel_interactive.go:71.21,73.4 1 0
github.com/korjavin/dutyassistant/internal/telegram/handlers/cancel_interactive.go:74.3,76.116 3 1
github.com/korjavin/dutyassistant/internal/telegram/handlers/cancel_interactive.go:79.2,79.28 1 1
github.com/korjavin/dutyassistant/internal/telegram/handlers/cancel_interactive.go:79.28,81.21 2 1
github.com/korjavin/dutyassistant/internal/telegram/handlers/cancel_interactive.go:81.21,83.4 1 0
github.com/korjavin/dutyassistant/internal/telegram/handlers/cancel_interactive.go:84.3,86.116 3 1
github.com/korjavin/dutyassistant/internal/telegram/handlers/cancel_interactive.go:89.2,94.17 5 1
github.com/korjavin/dutyassistant/internal/telegram/handlers/cancel_interactive.go:98.106,100.28 2 1
github.com/korjavin/dutyassistant/internal/telegram/handlers/cancel_interactive.go:100.28,102.3 1 0
github.com/korjavin/dutyassistant/internal/telegram/handlers/cancel_interactive.go:104.2,105.20 2 1
github.com/korjavin/dutyassistant/internal/telegram/handlers/cancel_interactive.go:105.20,107.3 1 0
github.com/korjavin/dutyassistant/internal/telegram/handlers/cancel_interactive.go:109.2,117.38 3 1
github.com/korjavin/dutyassistant/internal/telegram/handlers/cancel_interactive.go:117.38,119.21 1 1
github.com/korjavin/dutyassistant/internal/telegram/handlers/cancel_interactive.go:119.21,121.4 1 0
github.com/korjavin/dutyassistant/internal/telegram/handlers/cancel_interactive.go:122.3,123.83 2 1
github.com/korjavin/dutyassistant/internal/telegram/handlers/cancel_interactive.go:124.8,124.45 1 0
github.com/korjavin/dutyassistant/internal/telegram/handlers/cancel_interactive.go:124.45,126.3 1 0
github.com/korjavin/dutyassistant/internal/telegram/handlers/cancel_interactive.go:126.8,126.45 1 0
github.com/korjavin/dutyassistant/internal/telegram/handlers/cancel_interactive.go:126.45,128.3 1 0
github.com/korjavin/dutyassistant/internal/telegram/handlers/cancel_interactive.go:128.8,130.3 1 0
github.com/korjavin/dutyassistant/internal/telegram/handlers/cancel_interactive.go:132.2,134.21 3 1
github.com/korjavin/dutyassistant/internal/telegram/handlers/cancel_interactive.go:138.113,140.28 2 1
github.com/korjavin/dutyassistant/internal/telegram/handlers/cancel_interactive.go:140.28,142.3 1 0
github.com/korjavin/dutyassistant/internal/telegram/handlers/cancel_interactive.go:144.2,145.20 2 1
github.com/korjavin/dutyassistant/internal/telegram/handlers/cancel_interactive.go:145.20,147.3 1 0
github.com/korjavin/dutyassistant/internal/telegram/handlers/cancel_interactive.go:149.2,153.35 4 1
github.com/korjavin/dutyassistant/internal/telegram/handlers/cancel_interactive.go:153.35,155.21 1 1
github.com/korjavin/dutyassistant/internal/telegram/handlers/cancel_interactive.go:155.21,157.4 1 0
github.com/korjavin/dutyassistant/internal/telegram/handlers/cancel_interactive.go:158.3,160.22 3 1
github.com/korjavin/dutyassistant/internal/telegram/handlers/cancel_interactive.go:160.22,162.4 1 0
github.com/korjavin/dutyassistant/internal/telegram/handlers/cancel_interactive.go:162.9,164.24 2 1
github.com/korjavin/dutyassistant/internal/telegram/handlers/cancel_interactive.go:164.24,166.5 1 1
github.com/korjavin/dutyassistant/internal/telegram/handlers/cancel_interactive.go:168.8,168.42 1 0
github.com/korjavin/dutyassistant/internal/telegram/handlers/cancel_interactive.go:168.42,171.22 2 0
github.com/korjavin/dutyassistant/internal/telegram/handlers/cancel_interactive.go:171.22,173.24 2 0
github.com/korjavin/dutyassistant/internal/telegram/handlers/cancel_interactive.go:173.24,175.5 1 0
github.com/korjavin/dutyassistant/internal/telegram/handlers/cancel_interactive.go:176.9,178.4 1 0
github.com/korjavin/dutyassistant/internal/telegram/handlers/cancel_interactive.go:179.8,179.42 1 0
github.com/korjavin/dutyassistant/internal/telegram/handlers/cancel_interactive.go:179.42,182.22 2 0
github.com/korjavin/dutyassistant/internal/telegram/handlers/cancel_interactive.go:182.22,185.24 3 0
github.com/korjavin/dutyassistant/internal/telegram/handlers/cancel_interactive.go:185.24,186.80 1 0
github.com/korjavin/dutyassistant/internal/telegram/handlers/cancel_interactive.go:186.80,188.6 1 0
github.com/korjavin/dutyassistant/internal/telegram/handlers/cancel_interactive.go:189.5,189.58 1 0
github.com/korjavin/dutyassistant/internal/telegram/handlers/cancel_interactive.go:191.9,193.4 1 0
github.com/korjavin/dutyassistant/internal/telegram/handlers/cancel_interactive.go:196.2,196.22 1 1
github.com/korjavin/dutyassistant/internal/telegram/handlers/cancel_interactive.go:196.22,199.3 2 0
github.com/korjavin/dutyassistant/internal/telegram/handlers/cancel_interactive.go:201.2,203.21 3 1
github.com/korjavin/dutyassistant/internal/telegram/handlers/chore.go:26.85,30.28 2 1
github.com/korjavin/dutyassistant/internal/telegram/handlers/chore.go:30.28,33.32 2 1
github.com/korjavin/dutyassistant/internal/telegram/handlers/chore.go:33.32,36.4 2 1
github.com/korjavin/dutyassistant/internal/telegram/handlers/chore.go:38.3,39.17 2 1
github.com/korjavin/dutyassistant/internal/telegram/handlers/chore.go:39.17,42.4 2 0
github.com/korjavin/dutyassistant/internal/telegram/handlers/chore.go:44.3,44.23 1 1
github.com/korjavin/dutyassistant/internal/telegram/handlers/chore.go:44.23,46.4 1 1
github.com/korjavin/dutyassistant/internal/telegram/handlers/chore.go:48.3,52.15 4 1
github.com/korjavin/dutyassistant/internal/telegram/handlers/chore.go:52.15,54.4 1 1
github.com/korjavin/dutyassistant/internal/telegram/handlers/chore.go:55.3,56.17 2 1
github.com/korjavin/dutyassistant/internal/telegram/handlers/chore.go:56.17,58.4 1 0
github.com/korjavin/dutyassistant/internal/telegram/handlers/chore.go:60.3,60.32 1 1
github.com/korjavin/dutyassistant/internal/telegram/handlers/chore.go:60.32,63.4 2 1
github.com/korjavin/dutyassistant/internal/telegram/handlers/chore.go:65.3,67.18 3 1
github.com/korjavin/dutyassistant/internal/telegram/handlers/chore.go:70.2,73.16 2 1
github.com/korjavin/dutyassistant/internal/telegram/handlers/chore.go:73.16,78.3 4 1
github.com/korjavin/dutyassistant/internal/telegram/handlers/chore.go:82.2,83.48 2 1
github.com/korjavin/dutyassistant/internal/telegram/handlers/chore.go:83.48,86.22 2 1
github.com/korjavin/dutyassistant/internal/telegram/handlers/chore.go:86.22,89.18 3 1
github.com/korjavin/dutyassistant/internal/telegram/handlers/chore.go:89.18,92.5 1 0
github.com/korjavin/dutyassistant/internal/telegram/handlers/chore.go:99.2,102.20 3 1
github.com/korjavin/dutyassistant/internal/telegram/handlers/chore.go:102.20,105.37 2 1
github.com/korjavin/dutyassistant/internal/telegram/handlers/chore.go:105.37,107.4 1 0
github.com/korjavin/dutyassistant/internal/telegram/handlers/chore.go:110.3,111.24 2 1
github.com/korjavin/dutyassistant/internal/telegram/handlers/chore.go:111.24,113.4 1 0
github.com/korjavin/dutyassistant/internal/telegram/handlers/chore.go:115.3,119.15 3 1
github.com/korjavin/dutyassistant/internal/telegram/handlers/chore.go:119.15,121.4 1 1
github.com/korjavin/dutyassistant/internal/telegram/handlers/chore.go:122.3,123.17 2 1
github.com/korjavin/dutyassistant/internal/telegram/handlers/chore.go:123.17,126.4 2 0
github.com/korjavin/dutyassistant/internal/telegram/handlers/chore.go:128.3,135.30 5 1
github.com/korjavin/dutyassistant/internal/telegram/handlers/chore.go:135.30,140.4 3 1
github.com/korjavin/dutyassistant/internal/telegram/handlers/chore.go:140.9,140.23 1 1
github.com/korjavin/dutyassistant/internal/telegram/handlers/chore.go:140.23,144.4 2 0
github.com/korjavin/dutyassistant/internal/telegram/handlers/chore.go:144.9,149.4 3 1
github.com/korjavin/dutyassistant/internal/telegram/handlers/chore.go:151.3,158.83 2 1
github.com/korjavin/dutyassistant/internal/telegram/handlers/chore.go:158.83,161.4 2 0
github.com/korjavin/dutyassistant/internal/telegram/handlers/chore.go:163.3,164.25 2 1
github.com/korjavin/dutyassistant/internal/telegram/handlers/chore.go:164.25,168.18 3 1
github.com/korjavin/dutyassistant/internal/telegram/handlers/chore.go:168.18,171.5 2 0
github.com/korjavin/dutyassistant/internal/telegram/handlers/chore.go:172.9,176.4 2 1
github.com/korjavin/dutyassistant/internal/telegram/handlers/chore.go:178.3,187.25 3 1
github.com/korjavin/dutyassistant/internal/telegram/handlers/chore.go:187.25,189.4 1 1
github.com/korjavin/dutyassistant/internal/telegram/handlers/chore.go:189.9,191.4 1 1
github.com/korjavin/dutyassistant/internal/telegram/handlers/chore.go:193.3,193.24 1 1
github.com/korjavin/dutyassistant/internal/telegram/handlers/chore.go:197.2,202.57 3 1
github.com/korjavin/dutyassistant/internal/telegram/handlers/chore.go:207.92,209.57 2 1
github.com/korjavin/dutyassistant/internal/telegram/handlers/chore.go:209.57,212.3 1 1
github.com/korjavin/dutyassistant/internal/telegram/handlers/chore.go:216.2,216.33 1 1
github.com/korjavin/dutyassistant/internal/telegram/handlers/chore.go:216.33,219.3 1 1
github.com/korjavin/dutyassistant/internal/telegram/handlers/chore.go:222.2,226.23 3 1
github.com/korjavin/dutyassistant/internal/telegram/handlers/chore.go:226.23,230.3 3 1
github.com/korjavin/dutyassistant/internal/telegram/handlers/chore.go:232.2,235.57 2 1
github.com/korjavin/dutyassistant/internal/telegram/handlers/chore.go:239.116,245.16 2 1
github.com/korjavin/dutyassistant/internal/telegram/handlers/chore.go:245.16,247.3 1 0
github.com/korjavin/dutyassistant/internal/telegram/handlers/chore.go:248.2,248.21 1 1
github.com/korjavin/dutyassistant/internal/telegram/handlers/chore.go:248.21,250.3 1 1
github.com/korjavin/dutyassistant/internal/telegram/handlers/chore.go:253.2,259.16 5 1
github.com/korjavin/dutyassistant/internal/telegram/handlers/chore.go:259.16,261.3 1 0
github.com/korjavin/dutyassistant/internal/telegram/handlers/chore.go:262.2,263.33 2 1
github.com/korjavin/dutyassistant/internal/telegram/handlers/chore.go:263.33,265.3 1 0
github.com/korjavin/dutyassistant/internal/telegram/handlers/chore.go:267.2,267.26 1 1
github.com/korjavin/dutyassistant/internal/telegram/handlers/chore.go:267.26,268.24 1 1
github.com/korjavin/dutyassistant/internal/telegram/handlers/chore.go:268.24,270.4 1 1
github.com/korjavin/dutyassistant/internal/telegram/handlers/chore.go:273.2,273.26 1 1
github.com/korjavin/dutyassistant/internal/telegram/handlers/chore.go:273.26,275.3 1 0
github.com/korjavin/dutyassistant/internal/telegram/handlers/chore.go:281.2,292.31 6 1
github.com/korjavin/dutyassistant/internal/telegram/handlers/chore.go:292.31,296.27 2 1
github.com/korjavin/dutyassistant/internal/telegram/handlers/chore.go:296.27,298.4 1 1
github.com/korjavin/dutyassistant/internal/telegram/handlers/chore.go:300.3,303.49 3 1
github.com/korjavin/dutyassistant/internal/telegram/handlers/chore.go:306.2,315.40 7 1
github.com/korjavin/dutyassistant/internal/telegram/handlers/chore.go:315.40,319.29 3 1
github.com/korjavin/dutyassistant/internal/telegram/handlers/chore.go:319.29,322.9 3 1
github.com/korjavin/dutyassistant/internal/telegram/handlers/chore.go:326.2,326.48 1 1
github.com/korjavin/dutyassistant/internal/telegram/handlers/chore.go:326.48,331.3 3 0
github.com/korjavin/dutyassistant/internal/telegram/handlers/chore.go:333.2,333.25 1 1
github.com/korjavin/dutyassistant/internal/telegram/handlers/chore.go:333.25,335.3 1 0
github.com/korjavin/dutyassistant/internal/telegram/handlers/chore.go:340.2,351.20 6 1
github.com/korjavin/dutyassistant/internal/telegram/handlers/chore.go:351.20,352.26 1 1
github.com/korjavin/dutyassistant/internal/telegram/handlers/chore.go:352.26,354.20 1 1
github.com/korjavin/dutyassistant/internal/telegram/handlers/chore.go:354.20,357.51 3 1
github.com/korjavin/dutyassistant/internal/telegram/handlers/chore.go:357.51,360.6 2 0
github.com/korjavin/dutyassistant/internal/telegram/handlers/chore.go:360.11,362.6 1 1
github.com/korjavin/dutyassistant/internal/telegram/handlers/chore.go:363.10,365.5 1 0
github.com/korjavin/dutyassistant/internal/telegram/handlers/chore.go:366.9,369.4 1 1
github.com/korjavin/dutyassistant/internal/telegram/handlers/chore.go:370.8,373.3 1 1
github.com/korjavin/dutyassistant/internal/telegram/handlers/chore.go:376.2,376.35 1 1
github.com/korjavin/dutyassistant/internal/telegram/handlers/chore.go:376.35,379.3 2 1
github.com/korjavin/dutyassistant/internal/telegram/handlers/chore.go:381.2,381.38 1 1
github.com/korjavin/dutyassistant/internal/telegram/handlers/chore.go:381.38,384.3 2 1
github.com/korjavin/dutyassistant/internal/telegram/handlers/chore.go:388.2,389.14 2 1
github.com/korjavin/dutyassistant/internal/telegram/handlers/chore.go:389.14,391.3 1 1
github.com/korjavin/dutyassistant/internal/telegram/handlers/chore.go:392.2,393.16 2 1
github.com/korjavin/dutyassistant/internal/telegram/handlers/chore.go:393.16,395.3 1 0
github.com/korjavin/dutyassistant/internal/telegram/handlers/chore.go:396.2,408.73 5 1
github.com/korjavin/dutyassistant/internal/telegram/handlers/chore.go:408.73,412.3 3 0
github.com/korjavin/dutyassistant/internal/telegram/handlers/chore.go:413.2,423.73 2 1
github.com/korjavin/dutyassistant/internal/telegram/handlers/chore.go:423.73,426.109 3 0
github.com/korjavin/dutyassistant/internal/telegram/handlers/chore.go:426.109,428.4 1 0
github.com/korjavin/dutyassistant/internal/telegram/handlers/chore.go:428.9,430.4 1 0
github.com/korjavin/dutyassistant/internal/telegram/handlers/chore.go:431.8,433.3 1 1
github.com/korjavin/dutyassistant/internal/telegram/handlers/chore.go:435.2,435.25 1 1
github.com/korjavin/dutyassistant/internal/telegram/handlers/chore.go:441.94,444.28 2 1
github.com/korjavin/dutyassistant/internal/telegram/handlers/chore.go:444.28,447.3 2 1
github.com/korjavin/dutyassistant/internal/telegram/handlers/chore.go:450.2,455.43 4 1
github.com/korjavin/dutyassistant/internal/telegram/handlers/chore.go:455.43,458.3 2 0
github.com/korjavin/dutyassistant/internal/telegram/handlers/chore.go:460.2,462.27 3 1
github.com/korjavin/dutyassistant/internal/telegram/handlers/chore.go:462.27,465.3 2 1
github.com/korjavin/dutyassistant/internal/telegram/handlers/chore.go:468.2,470.16 3 1
github.com/korjavin/dutyassistant/internal/telegram/handlers/chore.go:470.16,474.3 3 0
github.com/korjavin/dutyassistant/internal/telegram/handlers/chore.go:475.2,475.18 1 1
github.com/korjavin/dutyassistant/internal/telegram/handlers/chore.go:475.18,478.3 2 1
github.com/korjavin/dutyassistant/internal/telegram/handlers/chore.go:479.2,479.21 1 1
github.com/korjavin/dutyassistant/internal/telegram/handlers/chore.go:479.21,482.3 2 1
github.com/korjavin/dutyassistant/internal/telegram/handlers/chore.go:485.2,487.41 2 1
github.com/korjavin/dutyassistant/internal/telegram/handlers/chore.go:487.41,490.69 1 1
github.com/korjavin/dutyassistant/internal/telegram/handlers/chore.go:490.69,496.4 3 1
github.com/korjavin/dutyassistant/internal/telegram/handlers/chore.go:496.9,502.4 3 1
github.com/korjavin/dutyassistant/internal/telegram/handlers/chore.go:506.2,506.89 1 1
github.com/korjavin/dutyassistant/internal/telegram/handlers/chore.go:506.89,510.3 3 1
github.com/korjavin/dutyassistant/internal/telegram/handlers/chore.go:513.2,516.17 3 1
github.com/korjavin/dutyassistant/internal/telegram/handlers/chore_callback.go:14.111,17.21 2 1
github.com/korjavin/dutyassistant/internal/telegram/handlers/chore_callback.go:17.21,25.3 3 1
github.com/korjavin/dutyassistant/internal/telegram/handlers/chore_callback.go:27.2,29.35 2 1
github.com/korjavin/dutyassistant/internal/telegram/handlers/chore_callback.go:29.35,36.3 2 0
github.com/korjavin/dutyassistant/internal/telegram/handlers/chore_callback.go:39.2,40.13 2 1
github.com/korjavin/dutyassistant/internal/telegram/handlers/chore_callback.go:40.13,47.3 2 1
github.com/korjavin/dutyassistant/internal/telegram/handlers/chore_callback.go:50.2,50.81 1 0
github.com/korjavin/dutyassistant/internal/telegram/handlers/chore_callback.go:50.81,52.3 1 0
github.com/korjavin/dutyassistant/internal/telegram/handlers/chore_callback.go:55.2,57.92 2 0
github.com/korjavin/dutyassistant/internal/telegram/handlers/chore_callback.go:57.92,59.3 1 0
github.com/korjavin/dutyassistant/internal/telegram/handlers/chore_callback.go:63.2,72.18 4 0
github.com/korjavin/dutyassistant/internal/telegram/handlers/chore_callback.go:76.113,79.21 2 1
github.com/korjavin/dutyassistant/internal/telegram/handlers/chore_callback.go:79.21,87.3 3 1
github.com/korjavin/dutyassistant/internal/telegram/handlers/chore_callback.go:89.2,91.35 2 1
github.com/korjavin/dutyassistant/internal/telegram/handlers/chore_callback.go:91.35,98.3 2 0
github.com/korjavin/dutyassistant/internal/telegram/handlers/chore_callback.go:101.2,102.13 2 1
github.com/korjavin/dutyassistant/internal/telegram/handlers/chore_callback.go:102.13,109.3 2 1
github.com/korjavin/dutyassistant/internal/telegram/handlers/chore_callback.go:112.2,124.18 5 0
github.com/korjavin/dutyassistant/internal/telegram/handlers/chore_cron.go:18.70,22.16 3 1
github.com/korjavin/dutyassistant/internal/telegram/handlers/chore_cron.go:22.16,24.3 1 0
github.com/korjavin/dutyassistant/internal/telegram/handlers/chore_cron.go:26.2,28.16 3 1
github.com/korjavin/dutyassistant/internal/telegram/handlers/chore_cron.go:28.16,30.3 1 0
github.com/korjavin/dutyassistant/internal/telegram/handlers/chore_cron.go:32.2,32.25 1 1
github.com/korjavin/dutyassistant/internal/telegram/handlers/chore_cron.go:32.25,35.3 2 0
github.com/korjavin/dutyassistant/internal/telegram/handlers/chore_cron.go:37.2,39.34 2 1
github.com/korjavin/dutyassistant/internal/telegram/handlers/chore_cron.go:39.34,43.17 3 1
github.com/korjavin/dutyassistant/internal/telegram/handlers/chore_cron.go:43.17,46.12 2 0
github.com/korjavin/dutyassistant/internal/telegram/handlers/chore_cron.go:51.3,54.30 2 1
github.com/korjavin/dutyassistant/internal/telegram/handlers/chore_cron.go:54.30,56.4 1 0
github.com/korjavin/dutyassistant/internal/telegram/handlers/chore_cron.go:58.3,58.88 1 1
github.com/korjavin/dutyassistant/internal/telegram/handlers/chore_cron.go:58.88,60.4 1 0
github.com/korjavin/dutyassistant/internal/telegram/handlers/chore_cron.go:60.9,62.4 1 1
github.com/korjavin/dutyassistant/internal/telegram/handlers/chore_cron.go:65.2,65.12 1 1
github.com/korjavin/dutyassistant/internal/telegram/handlers/chore_cron.go:70.97,73.16 2 1
github.com/korjavin/dutyassistant/internal/telegram/handlers/chore_cron.go:73.16,75.3 1 0
github.com/korjavin/dutyassistant/internal/telegram/handlers/chore_cron.go:76.2,76.21 1 1
github.com/korjavin/dutyassistant/internal/telegram/handlers/chore_cron.go:76.21,78.3 1 0
github.com/korjavin/dutyassistant/internal/telegram/handlers/chore_cron.go:81.2,86.16 5 1
github.com/korjavin/dutyassistant/internal/telegram/handlers/chore_cron.go:86.16,88.3 1 0
github.com/korjavin/dutyassistant/internal/telegram/handlers/chore_cron.go:89.2,90.33 2 1
github.com/korjavin/dutyassistant/internal/telegram/handlers/chore_cron.go:90.33,92.3 1 0
github.com/korjavin/dutyassistant/internal/telegram/handlers/chore_cron.go:94.2,94.26 1 1
github.com/korjavin/dutyassistant/internal/telegram/handlers/chore_cron.go:94.26,95.24 1 1
github.com/korjavin/dutyassistant/internal/telegram/handlers/chore_cron.go:95.24,97.4 1 1
github.com/korjavin/dutyassistant/internal/telegram/handlers/chore_cron.go:100.2,100.26 1 1
github.com/korjavin/dutyassistant/internal/telegram/handlers/chore_cron.go:100.26,102.3 1 0
github.com/korjavin/dutyassistant/internal/telegram/handlers/chore_cron.go:105.2,113.31 4 1
github.com/korjavin/dutyassistant/internal/telegram/handlers/chore_cron.go:113.31,115.27 2 1
github.com/korjavin/dutyassistant/internal/telegram/handlers/chore_cron.go:115.27,117.4 1 0
github.com/korjavin/dutyassistant/internal/telegram/handlers/chore_cron.go:118.3,119.24 2 1
github.com/korjavin/dutyassistant/internal/telegram/handlers/chore_cron.go:123.2,128.40 5 1
github.com/korjavin/dutyassistant/internal/telegram/handlers/chore_cron.go:128.40,130.29 2 1
github.com/korjavin/dutyassistant/internal/telegram/handlers/chore_cron.go:130.29,132.9 2 1
github.com/korjavin/dutyassistant/internal/telegram/handlers/chore_cron.go:136.2,136.48 1 1
github.com/korjavin/dutyassistant/internal/telegram/handlers/chore_cron.go:136.48,138.3 1 0
github.com/korjavin/dutyassistant/internal/telegram/handlers/chore_cron.go:140.2,140.25 1 1
github.com/korjavin/dutyassistant/internal/telegram/handlers/chore_cron.go:140.25,142.3 1 0
github.com/korjavin/dutyassistant/internal/telegram/handlers/chore_cron.go:145.2,152.36 4 1
github.com/korjavin/dutyassistant/internal/telegram/handlers/chore_cron.go:152.36,155.49 3 0
github.com/korjavin/dutyassistant/internal/telegram/handlers/chore_cron.go:155.49,157.4 1 0
github.com/korjavin/dutyassistant/internal/telegram/handlers/chore_cron.go:157.9,159.4 1 0
github.com/korjavin/dutyassistant/internal/telegram/handlers/chore_cron.go:160.8,160.27 1 1
github.com/korjavin/dutyassistant/internal/telegram/handlers/chore_cron.go:160.27,162.3 1 1
github.com/korjavin/dutyassistant/internal/telegram/handlers/chore_cron.go:162.8,162.25 1 0
github.com/korjavin/dutyassistant/internal/telegram/handlers/chore_cron.go:162.25,164.3 1 0
github.com/korjavin/dutyassistant/internal/telegram/handlers/chore_cron.go:167.2,168.14 2 1
github.com/korjavin/dutyassistant/internal/telegram/handlers/chore_cron.go:168.14,170.3 1 1
github.com/korjavin/dutyassistant/internal/telegram/handlers/chore_cron.go:171.2,172.16 2 1
github.com/korjavin/dutyassistant/internal/telegram/handlers/chore_cron.go:172.16,174.3 1 0
github.com/korjavin/dutyassistant/internal/telegram/handlers/chore_cron.go:175.2,187.58 5 1
github.com/korjavin/dutyassistant/internal/telegram/handlers/chore_cron.go:187.58,189.3 1 0
github.com/korjavin/dutyassistant/internal/telegram/handlers/chore_cron.go:192.2,192.35 1 1
github.com/korjavin/dutyassistant/internal/telegram/handlers/chore_cron.go:192.35,195.3 2 0
github.com/korjavin/dutyassistant/internal/telegram/handlers/chore_cron.go:197.2,197.38 1 1
github.com/korjavin/dutyassistant/internal/telegram/handlers/chore_cron.go:197.38,200.3 2 0
github.com/korjavin/dutyassistant/internal/telegram/handlers/chore_cron.go:202.2,211.73 2 1
github.com/korjavin/dutyassistant/internal/telegram/handlers/chore_cron.go:211.73,214.3 1 1
github.com/korjavin/dutyassistant/internal/telegram/handlers/chore_cron.go:216.2,216.12 1 1
github.com/korjavin/dutyassistant/internal/telegram/handlers/chore_interactive.go:17.101,19.28 2 1
github.com/korjavin/dutyassistant/internal/telegram/handlers/chore_interactive.go:19.28,21.3 1 0
github.com/korjavin/dutyassistant/internal/telegram/handlers/chore_interactive.go:23.2,24.20 2 1
github.com/korjavin/dutyassistant/internal/telegram/handlers/chore_interactive.go:24.20,26.3 1 0
github.com/korjavin/dutyassistant/internal/telegram/handlers/chore_interactive.go:27.2,29.16 2 1
github.com/korjavin/dutyassistant/internal/telegram/handlers/chore_interactive.go:30.14,32.41 1 1
github.com/korjavin/dutyassistant/internal/telegram/handlers/chore_interactive.go:33.16,38.22 5 0
github.com/korjavin/dutyassistant/internal/telegram/handlers/chore_interactive.go:39.16,40.43 1 1
github.com/korjavin/dutyassistant/internal/telegram/handlers/chore_interactive.go:41.10,42.18 1 0
github.com/korjavin/dutyassistant/internal/telegram/handlers/chore_interactive.go:46.102,48.16 2 1
github.com/korjavin/dutyassistant/internal/telegram/handlers/chore_interactive.go:48.16,53.3 4 0
github.com/korjavin/dutyassistant/internal/telegram/handlers/chore_interactive.go:55.2,56.16 2 1
github.com/korjavin/dutyassistant/internal/telegram/handlers/chore_interactive.go:56.16,61.3 4 0
github.com/korjavin/dutyassistant/internal/telegram/handlers/chore_interactive.go:63.2,63.43 1 1
github.com/korjavin/dutyassistant/internal/telegram/handlers/chore_interactive.go:63.43,67.3 3 0
github.com/korjavin/dutyassistant/internal/telegram/handlers/chore_interactive.go:69.2,71.14 3 1
github.com/korjavin/dutyassistant/internal/telegram/handlers/chore_interactive.go:71.14,73.3 1 1
github.com/korjavin/dutyassistant/internal/telegram/handlers/chore_interactive.go:74.2,75.16 2 1
github.com/korjavin/dutyassistant/internal/telegram/handlers/chore_interactive.go:75.16,77.3 1 0
github.com/korjavin/dutyassistant/internal/telegram/handlers/chore_interactive.go:79.2,79.21 1 1
github.com/korjavin/dutyassistant/internal/telegram/handlers/chore_interactive.go:79.21,81.32 2 1
github.com/korjavin/dutyassistant/internal/telegram/handlers/chore_interactive.go:81.32,85.4 2 1
github.com/korjavin/dutyassistant/internal/telegram/handlers/chore_interactive.go:86.3,86.23 1 1
github.com/korjavin/dutyassistant/internal/telegram/handlers/chore_interactive.go:89.2,89.22 1 1
github.com/korjavin/dutyassistant/internal/telegram/handlers/chore_interactive.go:89.22,91.30 2 1
github.com/korjavin/dutyassistant/internal/telegram/handlers/chore_interactive.go:91.30,95.4 2 1
github.com/korjavin/dutyassistant/internal/telegram/handlers/chore_interactive.go:98.2,101.21 4 1
github.com/korjavin/dutyassistant/internal/telegram/handlers/chore_interactive.go:104.104,106.16 2 1
github.com/korjavin/dutyassistant/internal/telegram/handlers/chore_interactive.go:106.16,110.3 3 0
github.com/korjavin/dutyassistant/internal/telegram/handlers/chore_interactive.go:112.2,113.16 2 1
github.com/korjavin/dutyassistant/internal/telegram/handlers/chore_interactive.go:113.16,117.3 3 0
github.com/korjavin/dutyassistant/internal/telegram/handlers/chore_interactive.go:119.2,119.43 1 1
github.com/korjavin/dutyassistant/internal/telegram/handlers/chore_interactive.go:119.43,123.3 3 0
github.com/korjavin/dutyassistant/internal/telegram/handlers/chore_interactive.go:125.2,127.27 2 1
github.com/korjavin/dutyassistant/internal/telegram/handlers/chore_interactive.go:127.27,129.21 2 1
github.com/korjavin/dutyassistant/internal/telegram/handlers/chore_interactive.go:129.21,131.4 1 0
github.com/korjavin/dutyassistant/internal/telegram/handlers/chore_interactive.go:132.3,134.116 3 1
github.com/korjavin/dutyassistant/internal/telegram/handlers/chore_interactive.go:137.2,137.28 1 1
github.com/korjavin/dutyassistant/internal/telegram/handlers/chore_interactive.go:137.28,139.21 2 0
github.com/korjavin/dutyassistant/internal/telegram/handlers/chore_interactive.go:139.21,141.4 1 0
github.com/korjavin/dutyassistant/internal/telegram/handlers/chore_interactive.go:142.3,144.116 3 0
github.com/korjavin/dutyassistant/internal/telegram/handlers/chore_interactive.go:147.2,152.21 5 1
github.com/korjavin/dutyassistant/internal/telegram/handlers/chore_interactive.go:156.101,158.28 2 0
github.com/korjavin/dutyassistant/internal/telegram/handlers/chore_interactive.go:158.28,160.3 1 0
github.com/korjavin/dutyassistant/internal/telegram/handlers/chore_interactive.go:162.2,163.20 2 0
github.com/korjavin/dutyassistant/internal/telegram/handlers/chore_interactive.go:163.20,165.3 1 0
github.com/korjavin/dutyassistant/internal/telegram/handlers/chore_interactive.go:166.2,177.21 5 0
github.com/korjavin/dutyassistant/internal/telegram/handlers/chore_interactive.go:181.108,183.28 2 1
github.com/korjavin/dutyassistant/internal/telegram/handlers/chore_interactive.go:183.28,185.3 1 0
github.com/korjavin/dutyassistant/internal/telegram/handlers/chore_interactive.go:187.2,188.20 2 1
github.com/korjavin/dutyassistant/internal/telegram/handlers/chore_interactive.go:188.20,190.3 1 0
github.com/korjavin/dutyassistant/internal/telegram/handlers/chore_interactive.go:191.2,194.40 3 1
github.com/korjavin/dutyassistant/internal/telegram/handlers/chore_interactive.go:194.40,197.22 2 0
github.com/korjavin/dutyassistant/internal/telegram/handlers/chore_interactive.go:197.22,199.4 1 0
github.com/korjavin/dutyassistant/internal/telegram/handlers/chore_interactive.go:199.9,201.4 1 0
github.com/korjavin/dutyassistant/internal/telegram/handlers/chore_interactive.go:202.8,202.47 1 1
github.com/korjavin/dutyassistant/internal/telegram/handlers/chore_interactive.go:202.47,205.22 2 1
github.com/korjavin/dutyassistant/internal/telegram/handlers/chore_interactive.go:205.22,208.24 3 1
github.com/korjavin/dutyassistant/internal/telegram/handlers/chore_interactive.go:208.24,209.80 1 1
github.com/korjavin/dutyassistant/internal/telegram/handlers/chore_interactive.go:209.80,211.6 1 0
github.com/korjavin/dutyassistant/internal/telegram/handlers/chore_interactive.go:213.9,215.4 1 0
github.com/korjavin/dutyassistant/internal/telegram/handlers/chore_interactive.go:218.2,219.22 2 1
github.com/korjavin/dutyassistant/internal/telegram/handlers/chore_interactive.go:219.22,222.3 2 0
github.com/korjavin/dutyassistant/internal/telegram/handlers/chore_interactive.go:224.2,226.21 3 1
github.com/korjavin/dutyassistant/internal/telegram/handlers/chore_reminder.go:36.128,42.15 2 1
github.com/korjavin/dutyassistant/internal/telegram/handlers/chore_reminder.go:42.15,44.3 1 1
github.com/korjavin/dutyassistant/internal/telegram/handlers/chore_reminder.go:45.2,45.12 1 1
github.com/korjavin/dutyassistant/internal/telegram/handlers/chore_reminder.go:50.67,54.2 2 1
github.com/korjavin/dutyassistant/internal/telegram/handlers/chore_reminder.go:58.83,59.20 1 1
github.com/korjavin/dutyassistant/internal/telegram/handlers/chore_reminder.go:59.20,61.3 1 1
github.com/korjavin/dutyassistant/internal/telegram/handlers/chore_reminder.go:65.2,75.45 6 1
github.com/korjavin/dutyassistant/internal/telegram/handlers/chore_reminder.go:75.45,79.3 2 0
github.com/korjavin/dutyassistant/internal/telegram/handlers/chore_reminder.go:82.2,89.40 5 1
github.com/korjavin/dutyassistant/internal/telegram/handlers/chore_reminder.go:89.40,91.3 1 0
github.com/korjavin/dutyassistant/internal/telegram/handlers/chore_reminder.go:93.2,93.12 1 1
github.com/korjavin/dutyassistant/internal/telegram/handlers/chore_reminder.go:97.77,102.13 4 0
github.com/korjavin/dutyassistant/internal/telegram/handlers/chore_reminder.go:102.13,105.3 2 0
github.com/korjavin/dutyassistant/internal/telegram/handlers/chore_reminder.go:107.2,107.20 1 0
github.com/korjavin/dutyassistant/internal/telegram/handlers/chore_reminder.go:107.20,110.3 2 0
github.com/korjavin/dutyassistant/internal/telegram/handlers/chore_reminder.go:113.2,123.45 6 0
github.com/korjavin/dutyassistant/internal/telegram/handlers/chore_reminder.go:123.45,125.3 1 0
github.com/korjavin/dutyassistant/internal/telegram/handlers/chore_reminder.go:125.8,127.3 1 0
github.com/korjavin/dutyassistant/internal/telegram/handlers/chore_reminder.go:130.77,139.2 1 1
github.com/korjavin/dutyassistant/internal/telegram/handlers/chore_reminder.go:142.72,143.40 1 0
github.com/korjavin/dutyassistant/internal/telegram/handlers/chore_reminder.go:143.40,145.3 1 0
github.com/korjavin/dutyassistant/internal/telegram/handlers/chore_reminder.go:146.2,146.88 1 0
github.com/korjavin/dutyassistant/internal/telegram/handlers/chore_reminder.go:150.92,156.2 4 1
github.com/korjavin/dutyassistant/internal/telegram/handlers/chore_reminder.go:159.67,165.2 4 1
github.com/korjavin/dutyassistant/internal/telegram/handlers/chore_reminder.go:168.65,174.2 4 0
github.com/korjavin/dutyassistant/internal/telegram/handlers/chore_reminder.go:177.91,178.20 1 1
github.com/korjavin/dutyassistant/internal/telegram/handlers/chore_reminder.go:178.20,180.3 1 0
github.com/korjavin/dutyassistant/internal/telegram/handlers/chore_reminder.go:182.2,182.29 1 1
github.com/korjavin/dutyassistant/internal/telegram/handlers/chore_reminder.go:182.29,185.3 2 0
github.com/korjavin/dutyassistant/internal/telegram/handlers/chore_reminder.go:188.2,198.26 4 1
github.com/korjavin/dutyassistant/internal/telegram/handlers/chore_reminder.go:198.26,200.3 1 0
github.com/korjavin/dutyassistant/internal/telegram/handlers/chore_reminder.go:202.2,205.45 3 1
github.com/korjavin/dutyassistant/internal/telegram/handlers/chore_reminder.go:205.45,208.3 2 0
github.com/korjavin/dutyassistant/internal/telegram/handlers/chore_reminder.go:210.2,211.12 2 1
github.com/korjavin/dutyassistant/internal/telegram/handlers/chore_reminder.go:214.82,216.16 2 1
github.com/korjavin/dutyassistant/internal/telegram/handlers/chore_reminder.go:216.16,219.3 2 0
github.com/korjavin/dutyassistant/internal/telegram/handlers/chore_reminder.go:221.2,224.31 3 1
github.com/korjavin/dutyassistant/internal/telegram/handlers/chore_reminder.go:224.31,225.24 1 0
github.com/korjavin/dutyassistant/internal/telegram/handlers/chore_reminder.go:225.24,234.4 1 0
github.com/korjavin/dutyassistant/internal/telegram/handlers/chore_reminder.go:236.2,236.88 1 1
github.com/korjavin/dutyassistant/internal/telegram/handlers/commands.go:59.85,63.16 3 1
github.com/korjavin/dutyassistant/internal/telegram/handlers/commands.go:63.16,66.3 2 0
github.com/korjavin/dutyassistant/internal/telegram/handlers/commands.go:68.2,68.17 1 1
github.com/korjavin/dutyassistant/internal/telegram/handlers/commands.go:68.17,81.87 4 1
github.com/korjavin/dutyassistant/internal/telegram/handlers/commands.go:81.87,84.4 2 0
github.com/korjavin/dutyassistant/internal/telegram/handlers/commands.go:85.3,85.166 1 1
github.com/korjavin/dutyassistant/internal/telegram/handlers/commands.go:86.8,90.41 3 1
github.com/korjavin/dutyassistant/internal/telegram/handlers/commands.go:90.41,94.4 3 1
github.com/korjavin/dutyassistant/internal/telegram/handlers/commands.go:95.3,95.60 1 1
github.com/korjavin/dutyassistant/internal/telegram/handlers/commands.go:95.60,100.4 4 1
github.com/korjavin/dutyassistant/internal/telegram/handlers/commands.go:102.3,102.18 1 1
github.com/korjavin/dutyassistant/internal/telegram/handlers/commands.go:102.18,103.85 1 1
github.com/korjavin/dutyassistant/internal/telegram/handlers/commands.go:103.85,105.5 1 0
github.com/korjavin/dutyassistant/internal/telegram/handlers/commands.go:106.9,108.4 1 0
github.com/korjavin/dutyassistant/internal/telegram/handlers/commands.go:111.2,112.17 2 1
github.com/korjavin/dutyassistant/internal/telegram/handlers/commands.go:116.84,118.19 2 1
github.com/korjavin/dutyassistant/internal/telegram/handlers/commands.go:118.19,121.17 3 1
github.com/korjavin/dutyassistant/internal/telegram/handlers/commands.go:121.17,124.4 2 0
github.com/korjavin/dutyassistant/internal/telegram/handlers/commands.go:127.2,128.13 2 1
github.com/korjavin/dutyassistant/internal/telegram/handlers/commands.go:128.13,130.3 1 1
github.com/korjavin/dutyassistant/internal/telegram/handlers/commands.go:132.2,134.17 3 1
github.com/korjavin/dutyassistant/internal/telegram/handlers/commands.go:138.86,140.31 2 1
github.com/korjavin/dutyassistant/internal/telegram/handlers/commands.go:140.31,142.3 1 1
github.com/korjavin/dutyassistant/internal/telegram/handlers/commands.go:144.2,145.16 2 1
github.com/korjavin/dutyassistant/internal/telegram/handlers/commands.go:145.16,148.3 2 0
github.com/korjavin/dutyassistant/internal/telegram/handlers/commands.go:150.2,151.20 2 1
github.com/korjavin/dutyassistant/internal/telegram/handlers/commands.go:151.20,153.3 1 0
github.com/korjavin/dutyassistant/internal/telegram/handlers/commands.go:156.2,157.56 2 1
github.com/korjavin/dutyassistant/internal/telegram/handlers/commands.go:157.56,161.3 1 0
github.com/korjavin/dutyassistant/internal/telegram/handlers/commands.go:163.2,174.17 4 1
github.com/korjavin/dutyassistant/internal/telegram/handlers/commands.go:178.87,182.16 3 0
github.com/korjavin/dutyassistant/internal/telegram/handlers/commands.go:182.16,185.3 2 0
github.com/korjavin/dutyassistant/internal/telegram/handlers/commands.go:187.2,188.17 2 0
github.com/korjavin/dutyassistant/internal/telegram/handlers/commands.go:192.87,194.28 2 0
github.com/korjavin/dutyassistant/internal/telegram/handlers/commands.go:194.28,196.3 1 0
github.com/korjavin/dutyassistant/internal/telegram/handlers/commands.go:198.2,199.16 2 0
github.com/korjavin/dutyassistant/internal/telegram/handlers/commands.go:199.16,201.3 1 0
github.com/korjavin/dutyassistant/internal/telegram/handlers/commands.go:204.2,204.83 1 0
github.com/korjavin/dutyassistant/internal/telegram/handlers/commands.go:208.90,210.28 2 0
github.com/korjavin/dutyassistant/internal/telegram/handlers/commands.go:210.28,212.3 1 0
github.com/korjavin/dutyassistant/internal/telegram/handlers/commands.go:214.2,215.16 2 0
github.com/korjavin/dutyassistant/internal/telegram/handlers/commands.go:215.16,217.3 1 0
github.com/korjavin/dutyassistant/internal/telegram/handlers/commands.go:219.2,220.16 2 0
github.com/korjavin/dutyassistant/internal/telegram/handlers/commands.go:220.16,222.3 1 0
github.com/korjavin/dutyassistant/internal/telegram/handlers/commands.go:224.2,228.26 4 0
github.com/korjavin/dutyassistant/internal/telegram/handlers/commands.go:228.26,230.3 1 0
github.com/korjavin/dutyassistant/internal/telegram/handlers/commands.go:230.8,231.36 1 0
github.com/korjavin/dutyassistant/internal/telegram/handlers/commands.go:231.36,233.4 1 0
github.com/korjavin/dutyassistant/internal/telegram/handlers/commands.go:235.2,238.24 3 0
github.com/korjavin/dutyassistant/internal/telegram/handlers/commands.go:238.24,240.3 1 0
github.com/korjavin/dutyassistant/internal/telegram/handlers/commands.go:240.8,241.33 1 0
github.com/korjavin/dutyassistant/internal/telegram/handlers/commands.go:241.33,243.4 1 0
github.com/korjavin/dutyassistant/internal/telegram/handlers/commands.go:246.2,248.17 3 0
github.com/korjavin/dutyassistant/internal/telegram/handlers/edit_interactive.go:16.99,18.28 2 1
github.com/korjavin/dutyassistant/internal/telegram/handlers/edit_interactive.go:18.28,20.3 1 0
github.com/korjavin/dutyassistant/internal/telegram/handlers/edit_interactive.go:22.2,23.21 2 1
github.com/korjavin/dutyassistant/internal/telegram/handlers/edit_interactive.go:23.21,25.3 1 0
github.com/korjavin/dutyassistant/internal/telegram/handlers/edit_interactive.go:27.2,29.16 3 1
github.com/korjavin/dutyassistant/internal/telegram/handlers/edit_interactive.go:29.16,31.3 1 0
github.com/korjavin/dutyassistant/internal/telegram/handlers/edit_interactive.go:33.2,34.16 2 1
github.com/korjavin/dutyassistant/internal/telegram/handlers/edit_interactive.go:34.16,36.3 1 0
github.com/korjavin/dutyassistant/internal/telegram/handlers/edit_interactive.go:37.2,37.37 1 1
github.com/korjavin/dutyassistant/internal/telegram/handlers/edit_interactive.go:37.37,39.3 1 0
github.com/korjavin/dutyassistant/internal/telegram/handlers/edit_interactive.go:42.2,44.13 3 1
github.com/korjavin/dutyassistant/internal/telegram/handlers/edit_interactive.go:44.13,46.3 1 0
github.com/korjavin/dutyassistant/internal/telegram/handlers/edit_interactive.go:49.2,69.18 7 1
github.com/korjavin/dutyassistant/internal/telegram/handlers/edit_interactive.go:69.18,70.48 1 0
github.com/korjavin/dutyassistant/internal/telegram/handlers/edit_interactive.go:70.48,72.4 1 0
github.com/korjavin/dutyassistant/internal/telegram/handlers/edit_interactive.go:75.2,75.17 1 1
github.com/korjavin/dutyassistant/internal/telegram/handlers/edit_interactive.go:79.96,81.53 2 1
github.com/korjavin/dutyassistant/internal/telegram/handlers/edit_interactive.go:81.53,83.3 1 0
github.com/korjavin/dutyassistant/internal/telegram/handlers/edit_interactive.go:86.2,86.33 1 1
github.com/korjavin/dutyassistant/internal/telegram/handlers/edit_interactive.go:86.33,88.3 1 0
github.com/korjavin/dutyassistant/internal/telegram/handlers/edit_interactive.go:90.2,95.40 3 1
github.com/korjavin/dutyassistant/internal/telegram/handlers/edit_interactive.go:95.40,98.3 2 1
github.com/korjavin/dutyassistant/internal/telegram/handlers/edit_interactive.go:101.2,101.52 1 1
github.com/korjavin/dutyassistant/internal/telegram/handlers/edit_interactive.go:101.52,103.3 1 0
github.com/korjavin/dutyassistant/internal/telegram/handlers/edit_interactive.go:106.2,107.9 2 1
github.com/korjavin/dutyassistant/internal/telegram/handlers/edit_interactive.go:107.9,110.3 2 0
github.com/korjavin/dutyassistant/internal/telegram/handlers/edit_interactive.go:111.2,115.23 4 1
github.com/korjavin/dutyassistant/internal/telegram/handlers/edit_interactive.go:115.23,117.3 1 1
github.com/korjavin/dutyassistant/internal/telegram/handlers/edit_interactive.go:120.2,120.101 1 1
github.com/korjavin/dutyassistant/internal/telegram/handlers/edit_interactive.go:120.101,123.3 2 0
github.com/korjavin/dutyassistant/internal/telegram/handlers/edit_interactive.go:125.2,133.17 4 1
github.com/korjavin/dutyassistant/internal/telegram/handlers/flow.go:8.92,10.28 2 1
github.com/korjavin/dutyassistant/internal/telegram/handlers/flow.go:10.28,12.3 1 0
github.com/korjavin/dutyassistant/internal/telegram/handlers/flow.go:14.2,16.21 3 1
github.com/korjavin/dutyassistant/internal/telegram/handlers/handlers.go:35.49,38.35 2 1
github.com/korjavin/dutyassistant/internal/telegram/handlers/handlers.go:38.35,40.3 1 1
github.com/korjavin/dutyassistant/internal/telegram/handlers/handlers.go:44.107,52.2 1 1
github.com/korjavin/dutyassistant/internal/telegram/handlers/handlers.go:55.46,56.25 1 1
github.com/korjavin/dutyassistant/internal/telegram/handlers/handlers.go:56.25,57.59 1 1
github.com/korjavin/dutyassistant/internal/telegram/handlers/handlers.go:57.59,59.4 1 1
github.com/korjavin/dutyassistant/internal/telegram/handlers/handlers.go:61.2,61.14 1 1
github.com/korjavin/dutyassistant/internal/telegram/handlers/handlers.go:67.88,68.24 1 1
github.com/korjavin/dutyassistant/internal/telegram/handlers/handlers.go:68.24,70.3 1 1
github.com/korjavin/dutyassistant/internal/telegram/handlers/handlers.go:72.2,72.41 1 1
github.com/korjavin/dutyassistant/internal/telegram/handlers/handlers.go:72.41,74.3 1 1
github.com/korjavin/dutyassistant/internal/telegram/handlers/handlers.go:76.2,77.16 2 1
github.com/korjavin/dutyassistant/internal/telegram/handlers/handlers.go:77.16,80.3 2 1
github.com/korjavin/dutyassistant/internal/telegram/handlers/handlers.go:82.2,82.19 1 1
github.com/korjavin/dutyassistant/internal/telegram/handlers/handlers.go:86.127,95.2 1 1
github.com/korjavin/dutyassistant/internal/telegram/handlers/list_cancel.go:16.84,19.28 2 1
github.com/korjavin/dutyassistant/internal/telegram/handlers/list_cancel.go:19.28,21.3 1 0
github.com/korjavin/dutyassistant/internal/telegram/handlers/list_cancel.go:23.2,25.16 2 1
github.com/korjavin/dutyassistant/internal/telegram/handlers/list_cancel.go:25.16,29.3 3 1
github.com/korjavin/dutyassistant/internal/telegram/handlers/list_cancel.go:31.2,31.38 1 1
github.com/korjavin/dutyassistant/internal/telegram/handlers/list_cancel.go:31.38,33.17 2 1
github.com/korjavin/dutyassistant/internal/telegram/handlers/list_cancel.go:33.17,35.4 1 0
github.com/korjavin/dutyassistant/internal/telegram/handlers/list_cancel.go:37.3,37.23 1 1
github.com/korjavin/dutyassistant/internal/telegram/handlers/list_cancel.go:37.23,39.4 1 0
github.com/korjavin/dutyassistant/internal/telegram/handlers/list_cancel.go:41.3,45.17 4 1
github.com/korjavin/dutyassistant/internal/telegram/handlers/list_cancel.go:45.17,47.4 1 0
github.com/korjavin/dutyassistant/internal/telegram/handlers/list_cancel.go:49.3,49.32 1 1
github.com/korjavin/dutyassistant/internal/telegram/handlers/list_cancel.go:49.32,56.4 6 1
github.com/korjavin/dutyassistant/internal/telegram/handlers/list_cancel.go:58.3,60.18 3 1
github.com/korjavin/dutyassistant/internal/telegram/handlers/list_cancel.go:63.2,63.37 1 1
github.com/korjavin/dutyassistant/internal/telegram/handlers/list_cancel.go:63.37,65.17 2 1
github.com/korjavin/dutyassistant/internal/telegram/handlers/list_cancel.go:65.17,67.4 1 0
github.com/korjavin/dutyassistant/internal/telegram/handlers/list_cancel.go:69.3,69.23 1 1
github.com/korjavin/dutyassistant/internal/telegram/handlers/list_cancel.go:69.23,71.4 1 0
github.com/korjavin/dutyassistant/internal/telegram/handlers/list_cancel.go:73.3,77.17 4 1
github.com/korjavin/dutyassistant/internal/telegram/handlers/list_cancel.go:77.17,79.4 1 0
github.com/korjavin/dutyassistant/internal/telegram/handlers/list_cancel.go:81.3,81.32 1 1
github.com/korjavin/dutyassistant/internal/telegram/handlers/list_cancel.go:81.32,85.25 4 1
github.com/korjavin/dutyassistant/internal/telegram/handlers/list_cancel.go:85.25,87.5 1 1
github.com/korjavin/dutyassistant/internal/telegram/handlers/list_cancel.go:88.4,91.76 4 1
github.com/korjavin/dutyassistant/internal/telegram/handlers/list_cancel.go:94.3,96.18 3 1
github.com/korjavin/dutyassistant/internal/telegram/handlers/list_cancel.go:99.2,99.147 1 0
github.com/korjavin/dutyassistant/internal/telegram/handlers/list_cancel.go:103.94,106.28 2 1
github.com/korjavin/dutyassistant/internal/telegram/handlers/list_cancel.go:106.28,108.3 1 0
github.com/korjavin/dutyassistant/internal/telegram/handlers/list_cancel.go:110.2,111.21 2 1
github.com/korjavin/dutyassistant/internal/telegram/handlers/list_cancel.go:111.21,113.3 1 0
github.com/korjavin/dutyassistant/internal/telegram/handlers/list_cancel.go:115.2,119.16 4 1
github.com/korjavin/dutyassistant/internal/telegram/handlers/list_cancel.go:119.16,121.3 1 0
github.com/korjavin/dutyassistant/internal/telegram/handlers/list_cancel.go:123.2,123.25 1 1
github.com/korjavin/dutyassistant/internal/telegram/handlers/list_cancel.go:123.25,125.17 2 1
github.com/korjavin/dutyassistant/internal/telegram/handlers/list_cancel.go:125.17,128.4 2 0
github.com/korjavin/dutyassistant/internal/telegram/handlers/list_cancel.go:130.3,130.23 1 1
github.com/korjavin/dutyassistant/internal/telegram/handlers/list_cancel.go:130.23,133.4 2 0
github.com/korjavin/dutyassistant/internal/telegram/handlers/list_cancel.go:135.3,136.32 2 1
github.com/korjavin/dutyassistant/internal/telegram/handlers/list_cancel.go:136.32,143.4 6 1
github.com/korjavin/dutyassistant/internal/telegram/handlers/list_cancel.go:144.8,144.31 1 1
github.com/korjavin/dutyassistant/internal/telegram/handlers/list_cancel.go:144.31,146.17 2 1
github.com/korjavin/dutyassistant/internal/telegram/handlers/list_cancel.go:146.17,149.4 2 0
github.com/korjavin/dutyassistant/internal/telegram/handlers/list_cancel.go:151.3,151.23 1 1
github.com/korjavin/dutyassistant/internal/telegram/handlers/list_cancel.go:151.23,154.4 2 0
github.com/korjavin/dutyassistant/internal/telegram/handlers/list_cancel.go:156.3,157.32 2 1
github.com/korjavin/dutyassistant/internal/telegram/handlers/list_cancel.go:157.32,161.25 4 1
github.com/korjavin/dutyassistant/internal/telegram/handlers/list_cancel.go:161.25,163.5 1 1
github.com/korjavin/dutyassistant/internal/telegram/handlers/list_cancel.go:164.4,167.76 4 1
github.com/korjavin/dutyassistant/internal/telegram/handlers/list_cancel.go:169.8,171.3 1 0
github.com/korjavin/dutyassistant/internal/telegram/handlers/list_cancel.go:174.2,181.21 3 1
github.com/korjavin/dutyassistant/internal/telegram/handlers/list_cancel.go:185.86,188.28 2 1
github.com/korjavin/dutyassistant/internal/telegram/handlers/list_cancel.go:188.28,190.3 1 0
github.com/korjavin/dutyassistant/internal/telegram/handlers/list_cancel.go:192.2,193.16 2 1
github.com/korjavin/dutyassistant/internal/telegram/handlers/list_cancel.go:193.16,195.3 1 1
github.com/korjavin/dutyassistant/internal/telegram/handlers/list_cancel.go:197.2,199.61 2 1
github.com/korjavin/dutyassistant/internal/telegram/handlers/list_cancel.go:199.61,201.17 2 1
github.com/korjavin/dutyassistant/internal/telegram/handlers/list_cancel.go:201.17,203.4 1 0
github.com/korjavin/dutyassistant/internal/telegram/handlers/list_cancel.go:205.3,206.17 2 1
github.com/korjavin/dutyassistant/internal/telegram/handlers/list_cancel.go:206.17,208.4 1 0
github.com/korjavin/dutyassistant/internal/telegram/handlers/list_cancel.go:210.3,210.38 1 1
github.com/korjavin/dutyassistant/internal/telegram/handlers/list_cancel.go:210.38,212.4 1 0
github.com/korjavin/dutyassistant/internal/telegram/handlers/list_cancel.go:214.3,214.85 1 1
github.com/korjavin/dutyassistant/internal/telegram/handlers/list_cancel.go:214.85,216.4 1 0
github.com/korjavin/dutyassistant/internal/telegram/handlers/list_cancel.go:218.3,220.18 3 1
github.com/korjavin/dutyassistant/internal/telegram/handlers/list_cancel.go:223.2,223.60 1 1
github.com/korjavin/dutyassistant/internal/telegram/handlers/list_cancel.go:223.60,225.17 2 1
github.com/korjavin/dutyassistant/internal/telegram/handlers/list_cancel.go:225.17,227.4 1 0
github.com/korjavin/dutyassistant/internal/telegram/handlers/list_cancel.go:229.3,230.17 2 1
github.com/korjavin/dutyassistant/internal/telegram/handlers/list_cancel.go:230.17,232.4 1 1
github.com/korjavin/dutyassistant/internal/telegram/handlers/list_cancel.go:234.3,234.78 1 1
github.com/korjavin/dutyassistant/internal/telegram/handlers/list_cancel.go:234.78,236.4 1 0
github.com/korjavin/dutyassistant/internal/telegram/handlers/list_cancel.go:238.3,240.18 3 1
github.com/korjavin/dutyassistant/internal/telegram/handlers/list_cancel.go:243.2,243.115 1 0
github.com/korjavin/dutyassistant/internal/telegram/handlers/list_cancel.go:249.84,252.28 2 1
github.com/korjavin/dutyassistant/internal/telegram/handlers/list_cancel.go:252.28,254.3 1 1
github.com/korjavin/dutyassistant/internal/telegram/handlers/list_cancel.go:256.2,260.82 3 1
github.com/korjavin/dutyassistant/internal/telegram/handlers/list_cancel.go:260.82,262.17 2 1
github.com/korjavin/dutyassistant/internal/telegram/handlers/list_cancel.go:262.17,264.4 1 0
github.com/korjavin/dutyassistant/internal/telegram/handlers/list_cancel.go:266.3,266.23 1 1
github.com/korjavin/dutyassistant/internal/telegram/handlers/list_cancel.go:266.23,268.4 1 1
github.com/korjavin/dutyassistant/internal/telegram/handlers/list_cancel.go:270.3,271.32 2 1
github.com/korjavin/dutyassistant/internal/telegram/handlers/list_cancel.go:271.32,274.22 2 1
github.com/korjavin/dutyassistant/internal/telegram/handlers/list_cancel.go:274.22,276.5 1 1
github.com/korjavin/dutyassistant/internal/telegram/handlers/list_cancel.go:277.4,283.34 2 1
github.com/korjavin/dutyassistant/internal/telegram/handlers/list_cancel.go:286.3,290.18 5 1
github.com/korjavin/dutyassistant/internal/telegram/handlers/list_cancel.go:294.2,294.61 1 1
github.com/korjavin/dutyassistant/internal/telegram/handlers/list_cancel.go:294.61,296.17 2 1
github.com/korjavin/dutyassistant/internal/telegram/handlers/list_cancel.go:296.17,298.4 1 1
github.com/korjavin/dutyassistant/internal/telegram/handlers/list_cancel.go:300.3,303.17 3 1
github.com/korjavin/dutyassistant/internal/telegram/handlers/list_cancel.go:303.17,305.4 1 1
github.com/korjavin/dutyassistant/internal/telegram/handlers/list_cancel.go:307.3,307.38 1 1
github.com/korjavin/dutyassistant/internal/telegram/handlers/list_cancel.go:307.38,309.4 1 1
github.com/korjavin/dutyassistant/internal/telegram/handlers/list_cancel.go:311.3,313.112 2 1
github.com/korjavin/dutyassistant/internal/telegram/handlers/list_cancel.go:313.112,315.4 1 0
github.com/korjavin/dutyassistant/internal/telegram/handlers/list_cancel.go:317.3,319.18 3 1
github.com/korjavin/dutyassistant/internal/telegram/handlers/list_cancel.go:322.2,322.127 1 1
github.com/korjavin/dutyassistant/internal/telegram/handlers/ratings.go:29.131,31.16 2 1
github.com/korjavin/dutyassistant/internal/telegram/handlers/ratings.go:31.16,33.3 1 0
github.com/korjavin/dutyassistant/internal/telegram/handlers/ratings.go:34.2,34.14 1 1
github.com/korjavin/dutyassistant/internal/telegram/handlers/ratings.go:34.14,37.3 2 1
github.com/korjavin/dutyassistant/internal/telegram/handlers/ratings.go:38.2,38.111 1 1
github.com/korjavin/dutyassistant/internal/telegram/handlers/ratings.go:38.111,41.3 2 1
github.com/korjavin/dutyassistant/internal/telegram/handlers/ratings.go:43.2,44.16 2 1
github.com/korjavin/dutyassistant/internal/telegram/handlers/ratings.go:44.16,46.3 1 0
github.com/korjavin/dutyassistant/internal/telegram/handlers/ratings.go:47.2,48.28 2 1
github.com/korjavin/dutyassistant/internal/telegram/handlers/ratings.go:48.28,50.3 1 1
github.com/korjavin/dutyassistant/internal/telegram/handlers/ratings.go:52.2,58.24 6 1
github.com/korjavin/dutyassistant/internal/telegram/handlers/ratings.go:62.121,64.16 2 1
github.com/korjavin/dutyassistant/internal/telegram/handlers/ratings.go:64.16,66.3 1 0
github.com/korjavin/dutyassistant/internal/telegram/handlers/ratings.go:67.2,67.9 1 1
github.com/korjavin/dutyassistant/internal/telegram/handlers/ratings.go:67.9,69.3 1 1
github.com/korjavin/dutyassistant/internal/telegram/handlers/ratings.go:70.2,70.18 1 1
github.com/korjavin/dutyassistant/internal/telegram/handlers/ratings.go:74.99,76.56 2 1
github.com/korjavin/dutyassistant/internal/telegram/handlers/ratings.go:76.56,78.3 1 0
github.com/korjavin/dutyassistant/internal/telegram/handlers/ratings.go:80.2,80.33 1 1
github.com/korjavin/dutyassistant/internal/telegram/handlers/ratings.go:80.33,82.3 1 1
github.com/korjavin/dutyassistant/internal/telegram/handlers/ratings.go:84.2,85.28 2 1
github.com/korjavin/dutyassistant/internal/telegram/handlers/ratings.go:85.28,87.3 1 0
github.com/korjavin/dutyassistant/internal/telegram/handlers/ratings.go:89.2,90.35 2 1
github.com/korjavin/dutyassistant/internal/telegram/handlers/ratings.go:90.35,93.3 2 1
github.com/korjavin/dutyassistant/internal/telegram/handlers/ratings.go:95.2,96.9 2 1
github.com/korjavin/dutyassistant/internal/telegram/handlers/ratings.go:96.9,99.3 2 1
github.com/korjavin/dutyassistant/internal/telegram/handlers/ratings.go:101.2,104.56 3 1
github.com/korjavin/dutyassistant/internal/telegram/handlers/ratings.go:104.56,107.3 2 1
github.com/korjavin/dutyassistant/internal/telegram/handlers/ratings.go:109.2,110.21 2 1
github.com/korjavin/dutyassistant/internal/telegram/handlers/ratings.go:110.21,113.3 2 1
github.com/korjavin/dutyassistant/internal/telegram/handlers/ratings.go:115.2,116.43 2 1
github.com/korjavin/dutyassistant/internal/telegram/handlers/ratings.go:116.43,123.3 1 1
github.com/korjavin/dutyassistant/internal/telegram/handlers/ratings.go:125.2,125.103 1 1
github.com/korjavin/dutyassistant/internal/telegram/handlers/ratings.go:125.103,127.3 1 1
github.com/korjavin/dutyassistant/internal/telegram/handlers/ratings.go:129.2,129.36 1 1
github.com/korjavin/dutyassistant/internal/telegram/handlers/ratings.go:129.36,132.17 3 0
github.com/korjavin/dutyassistant/internal/telegram/handlers/ratings.go:132.17,136.53 4 0
github.com/korjavin/dutyassistant/internal/telegram/handlers/ratings.go:136.53,138.5 1 0
github.com/korjavin/dutyassistant/internal/telegram/handlers/ratings.go:139.9,141.4 1 0
github.com/korjavin/dutyassistant/internal/telegram/handlers/ratings.go:144.2,145.91 2 1
github.com/korjavin/dutyassistant/internal/telegram/handlers/ratings.go:149.95,151.28 2 1
github.com/korjavin/dutyassistant/internal/telegram/handlers/ratings.go:151.28,153.3 1 1
github.com/korjavin/dutyassistant/internal/telegram/handlers/ratings.go:155.2,157.16 3 1
github.com/korjavin/dutyassistant/internal/telegram/handlers/ratings.go:157.16,159.3 1 0
github.com/korjavin/dutyassistant/internal/telegram/handlers/ratings.go:160.2,163.16 3 1
github.com/korjavin/dutyassistant/internal/telegram/handlers/ratings.go:163.16,165.3 1 0
github.com/korjavin/dutyassistant/internal/telegram/handlers/ratings.go:166.2,167.28 2 1
github.com/korjavin/dutyassistant/internal/telegram/handlers/ratings.go:167.28,169.3 1 0
github.com/korjavin/dutyassistant/internal/telegram/handlers/ratings.go:171.2,174.17 4 1
github.com/korjavin/dutyassistant/internal/telegram/handlers/ratings.go:177.87,185.30 7 1
github.com/korjavin/dutyassistant/internal/telegram/handlers/ratings.go:185.30,186.12 1 1
github.com/korjavin/dutyassistant/internal/telegram/handlers/ratings.go:186.12,188.4 1 1
github.com/korjavin/dutyassistant/internal/telegram/handlers/ratings.go:189.3,189.21 1 1
github.com/korjavin/dutyassistant/internal/telegram/handlers/ratings.go:192.2,192.19 1 1
github.com/korjavin/dutyassistant/internal/telegram/handlers/ratings.go:195.71,197.29 2 1
github.com/korjavin/dutyassistant/internal/telegram/handlers/ratings.go:197.29,199.3 1 1
github.com/korjavin/dutyassistant/internal/telegram/handlers/ratings.go:201.2,202.31 2 1
github.com/korjavin/dutyassistant/internal/telegram/handlers/ratings.go:202.31,204.17 2 1
github.com/korjavin/dutyassistant/internal/telegram/handlers/ratings.go:204.17,206.4 1 0
github.com/korjavin/dutyassistant/internal/telegram/handlers/ratings.go:207.3,207.29 1 1
github.com/korjavin/dutyassistant/internal/telegram/handlers/ratings.go:207.29,209.4 1 1
github.com/korjavin/dutyassistant/internal/telegram/handlers/ratings.go:210.3,210.33 1 1
github.com/korjavin/dutyassistant/internal/telegram/handlers/ratings.go:213.2,213.20 1 1
github.com/korjavin/dutyassistant/internal/telegram/handlers/ratings.go:216.119,224.2 1 1
github.com/korjavin/dutyassistant/internal/telegram/handlers/ratings.go:226.96,232.2 1 1
github.com/korjavin/dutyassistant/internal/telegram/handlers/ratings.go:234.77,236.43 2 1
github.com/korjavin/dutyassistant/internal/telegram/handlers/ratings.go:236.43,238.3 1 1
github.com/korjavin/dutyassistant/internal/telegram/handlers/ratings.go:239.2,239.34 1 1
github.com/korjavin/dutyassistant/internal/telegram/handlers/ratings.go:243.113,245.38 2 1
github.com/korjavin/dutyassistant/internal/telegram/handlers/ratings.go:245.38,247.3 1 1
github.com/korjavin/dutyassistant/internal/telegram/handlers/ratings.go:249.2,253.16 4 1
github.com/korjavin/dutyassistant/internal/telegram/handlers/ratings.go:253.16,255.3 1 0
github.com/korjavin/dutyassistant/internal/telegram/handlers/ratings.go:257.2,258.24 2 1
github.com/korjavin/dutyassistant/internal/telegram/handlers/ratings.go:261.80,263.29 2 1
github.com/korjavin/dutyassistant/internal/telegram/handlers/ratings.go:263.29,264.18 1 1
github.com/korjavin/dutyassistant/internal/telegram/handlers/ratings.go:264.18,265.12 1 0
github.com/korjavin/dutyassistant/internal/telegram/handlers/ratings.go:267.3,267.19 1 1
github.com/korjavin/dutyassistant/internal/telegram/handlers/ratings.go:267.19,268.12 1 0
github.com/korjavin/dutyassistant/internal/telegram/handlers/ratings.go:270.3,270.57 1 1
github.com/korjavin/dutyassistant/internal/telegram/handlers/ratings.go:270.57,271.12 1 1
github.com/korjavin/dutyassistant/internal/telegram/handlers/ratings.go:273.3,273.36 1 1
github.com/korjavin/dutyassistant/internal/telegram/handlers/ratings.go:275.2,275.17 1 1
github.com/korjavin/dutyassistant/internal/telegram/handlers/ratings.go:278.74,280.29 2 1
github.com/korjavin/dutyassistant/internal/telegram/handlers/ratings.go:280.29,281.18 1 1
github.com/korjavin/dutyassistant/internal/telegram/handlers/ratings.go:281.18,282.12 1 0
github.com/korjavin/dutyassistant/internal/telegram/handlers/ratings.go:284.3,287.5 1 1
github.com/korjavin/dutyassistant/internal/telegram/handlers/ratings.go:289.2,289.21 1 1
github.com/korjavin/dutyassistant/internal/telegram/handlers/ratings.go:292.115,295.43 3 1
github.com/korjavin/dutyassistant/internal/telegram/handlers/ratings.go:295.43,296.25 1 1
github.com/korjavin/dutyassistant/internal/telegram/handlers/ratings.go:296.25,297.12 1 0
github.com/korjavin/dutyassistant/internal/telegram/handlers/ratings.go:299.3,300.36 2 1
github.com/korjavin/dutyassistant/internal/telegram/handlers/ratings.go:303.2,304.33 2 1
github.com/korjavin/dutyassistant/internal/telegram/handlers/ratings.go:304.33,305.49 1 1
github.com/korjavin/dutyassistant/internal/telegram/handlers/ratings.go:305.49,306.12 1 0
github.com/korjavin/dutyassistant/internal/telegram/handlers/ratings.go:308.3,308.46 1 1
github.com/korjavin/dutyassistant/internal/telegram/handlers/ratings.go:308.46,309.12 1 1
github.com/korjavin/dutyassistant/internal/telegram/handlers/ratings.go:311.3,315.5 2 1
github.com/korjavin/dutyassistant/internal/telegram/handlers/ratings.go:318.2,319.53 2 1
github.com/korjavin/dutyassistant/internal/telegram/handlers/ratings.go:319.53,320.99 1 1
github.com/korjavin/dutyassistant/internal/telegram/handlers/ratings.go:320.99,322.4 1 1
github.com/korjavin/dutyassistant/internal/telegram/handlers/ratings.go:323.3,323.10 1 0
github.com/korjavin/dutyassistant/internal/telegram/handlers/ratings.go:324.20,325.13 1 0
github.com/korjavin/dutyassistant/internal/telegram/handlers/ratings.go:326.20,327.12 1 0
github.com/korjavin/dutyassistant/internal/telegram/handlers/ratings.go:328.11,329.12 1 0
github.com/korjavin/dutyassistant/internal/telegram/handlers/ratings.go:333.2,333.15 1 1
github.com/korjavin/dutyassistant/internal/telegram/handlers/ratings.go:336.90,338.9 2 1
github.com/korjavin/dutyassistant/internal/telegram/handlers/ratings.go:338.9,340.3 1 1
github.com/korjavin/dutyassistant/internal/telegram/handlers/ratings.go:342.2,343.25 2 1
github.com/korjavin/dutyassistant/internal/telegram/handlers/ratings.go:346.64,348.9 2 1
github.com/korjavin/dutyassistant/internal/telegram/handlers/ratings.go:348.9,350.3 1 1
github.com/korjavin/dutyassistant/internal/telegram/handlers/ratings.go:352.2,353.9 2 1
github.com/korjavin/dutyassistant/internal/telegram/handlers/ratings.go:353.9,355.3 1 0
github.com/korjavin/dutyassistant/internal/telegram/handlers/ratings.go:357.2,357.40 1 1
github.com/korjavin/dutyassistant/internal/telegram/handlers/ratings.go:360.52,362.16 2 1
github.com/korjavin/dutyassistant/internal/telegram/handlers/ratings.go:362.16,364.3 1 0
github.com/korjavin/dutyassistant/internal/telegram/handlers/ratings.go:366.2,367.94 2 1
github.com/korjavin/dutyassistant/internal/telegram/handlers/ratings.go:370.44,373.2 2 1
github.com/korjavin/dutyassistant/internal/telegram/handlers/ratings.go:375.75,377.53 2 1
github.com/korjavin/dutyassistant/internal/telegram/handlers/ratings.go:377.53,379.3 1 1
github.com/korjavin/dutyassistant/internal/telegram/handlers/ratings.go:380.2,380.39 1 1
github.com/korjavin/dutyassistant/internal/telegram/handlers/ratings.go:380.39,382.3 1 1
github.com/korjavin/dutyassistant/internal/telegram/handlers/ratings.go:384.2,385.16 2 1
github.com/korjavin/dutyassistant/internal/telegram/handlers/ratings.go:385.16,387.3 1 0
github.com/korjavin/dutyassistant/internal/telegram/handlers/ratings.go:388.2,390.32 3 1
github.com/korjavin/dutyassistant/internal/telegram/handlers/ratings.go:393.119,406.2 11 1
github.com/korjavin/dutyassistant/internal/telegram/handlers/ratings.go:408.136,413.43 4 1
github.com/korjavin/dutyassistant/internal/telegram/handlers/ratings.go:413.43,414.48 1 1
github.com/korjavin/dutyassistant/internal/telegram/handlers/ratings.go:414.48,416.4 1 1
github.com/korjavin/dutyassistant/internal/telegram/handlers/ratings.go:416.9,418.4 1 0
github.com/korjavin/dutyassistant/internal/telegram/handlers/ratings.go:421.2,422.33 2 1
github.com/korjavin/dutyassistant/internal/telegram/handlers/ratings.go:422.33,423.20 1 1
github.com/korjavin/dutyassistant/internal/telegram/handlers/ratings.go:423.20,424.12 1 0
github.com/korjavin/dutyassistant/internal/telegram/handlers/ratings.go:426.3,427.55 2 1
github.com/korjavin/dutyassistant/internal/telegram/handlers/ratings.go:427.55,429.4 1 1
github.com/korjavin/dutyassistant/internal/telegram/handlers/ratings.go:430.3,430.74 1 1
github.com/korjavin/dutyassistant/internal/telegram/handlers/ratings.go:433.2,433.53 1 1
github.com/korjavin/dutyassistant/internal/telegram/handlers/ratings.go:433.53,435.3 1 1
github.com/korjavin/dutyassistant/internal/telegram/handlers/ratings.go:437.2,439.43 3 1
github.com/korjavin/dutyassistant/internal/telegram/handlers/ratings.go:439.43,441.3 1 1
github.com/korjavin/dutyassistant/internal/telegram/handlers/ratings.go:442.2,445.69 3 1
github.com/korjavin/dutyassistant/internal/telegram/handlers/ratings.go:445.69,449.44 4 1
github.com/korjavin/dutyassistant/internal/telegram/handlers/ratings.go:449.44,451.53 2 1
github.com/korjavin/dutyassistant/internal/telegram/handlers/ratings.go:451.53,453.5 1 1
github.com/korjavin/dutyassistant/internal/telegram/handlers/ratings.go:454.4,454.54 1 1
github.com/korjavin/dutyassistant/internal/telegram/handlers/ratings.go:456.3,456.49 1 1
github.com/korjavin/dutyassistant/internal/telegram/handlers/ratings.go:459.2,459.34 1 1
github.com/korjavin/dutyassistant/internal/telegram/handlers/ratings.go:462.144,468.38 4 1
github.com/korjavin/dutyassistant/internal/telegram/handlers/ratings.go:468.38,470.3 1 1
github.com/korjavin/dutyassistant/internal/telegram/handlers/ratings.go:472.2,473.22 2 1
github.com/korjavin/dutyassistant/internal/telegram/handlers/ratings.go:473.22,475.3 1 0
github.com/korjavin/dutyassistant/internal/telegram/handlers/ratings.go:475.8,476.32 1 1
github.com/korjavin/dutyassistant/internal/telegram/handlers/ratings.go:476.32,478.25 2 1
github.com/korjavin/dutyassistant/internal/telegram/handlers/ratings.go:478.25,480.5 1 1
github.com/korjavin/dutyassistant/internal/telegram/handlers/ratings.go:484.2,484.19 1 1
github.com/korjavin/dutyassistant/internal/telegram/handlers/ratings.go:487.103,493.22 4 1
github.com/korjavin/dutyassistant/internal/telegram/handlers/ratings.go:493.22,496.3 2 0
github.com/korjavin/dutyassistant/internal/telegram/handlers/ratings.go:498.2,500.54 3 1
github.com/korjavin/dutyassistant/internal/telegram/handlers/ratings.go:500.54,502.3 1 1
github.com/korjavin/dutyassistant/internal/telegram/handlers/ratings.go:504.2,505.31 2 1
github.com/korjavin/dutyassistant/internal/telegram/handlers/ratings.go:505.31,507.26 2 1
github.com/korjavin/dutyassistant/internal/telegram/handlers/ratings.go:507.26,509.4 1 1
github.com/korjavin/dutyassistant/internal/telegram/handlers/ratings.go:510.3,510.24 1 1
github.com/korjavin/dutyassistant/internal/telegram/handlers/ratings.go:510.24,512.4 1 1
github.com/korjavin/dutyassistant/internal/telegram/handlers/ratings.go:515.2,515.19 1 1
github.com/korjavin/dutyassistant/internal/telegram/handlers/schedule.go:20.88,24.16 3 1
github.com/korjavin/dutyassistant/internal/telegram/handlers/schedule.go:24.16,26.3 1 0
github.com/korjavin/dutyassistant/internal/telegram/handlers/schedule.go:29.2,30.16 2 1
github.com/korjavin/dutyassistant/internal/telegram/handlers/schedule.go:30.16,33.3 2 0
github.com/korjavin/dutyassistant/internal/telegram/handlers/schedule.go:36.2,37.16 2 1
github.com/korjavin/dutyassistant/internal/telegram/handlers/schedule.go:37.16,39.3 1 0
github.com/korjavin/dutyassistant/internal/telegram/handlers/schedule.go:41.2,42.16 2 1
github.com/korjavin/dutyassistant/internal/telegram/handlers/schedule.go:42.16,44.3 1 0
github.com/korjavin/dutyassistant/internal/telegram/handlers/schedule.go:46.2,51.17 5 1
github.com/korjavin/dutyassistant/internal/telegram/handlers/schedule.go:55.110,57.21 2 1
github.com/korjavin/dutyassistant/internal/telegram/handlers/schedule.go:57.21,59.3 1 0
github.com/korjavin/dutyassistant/internal/telegram/handlers/schedule.go:60.2,63.16 3 1
github.com/korjavin/dutyassistant/internal/telegram/handlers/schedule.go:63.16,65.3 1 0
github.com/korjavin/dutyassistant/internal/telegram/handlers/schedule.go:67.2,68.42 2 1
github.com/korjavin/dutyassistant/internal/telegram/handlers/schedule.go:68.42,70.3 1 1
github.com/korjavin/dutyassistant/internal/telegram/handlers/schedule.go:70.8,70.49 1 1
github.com/korjavin/dutyassistant/internal/telegram/handlers/schedule.go:70.49,72.3 1 1
github.com/korjavin/dutyassistant/internal/telegram/handlers/schedule.go:72.8,74.3 1 0
github.com/korjavin/dutyassistant/internal/telegram/handlers/schedule.go:76.2,77.16 2 1
github.com/korjavin/dutyassistant/internal/telegram/handlers/schedule.go:77.16,81.3 2 0
github.com/korjavin/dutyassistant/internal/telegram/handlers/schedule.go:84.2,85.16 2 1
github.com/korjavin/dutyassistant/internal/telegram/handlers/schedule.go:85.16,88.3 2 0
github.com/korjavin/dutyassistant/internal/telegram/handlers/schedule.go:90.2,99.18 5 1
github.com/korjavin/dutyassistant/internal/telegram/handlers/session.go:34.42,43.2 3 1
github.com/korjavin/dutyassistant/internal/telegram/handlers/session.go:46.93,57.2 3 1
github.com/korjavin/dutyassistant/internal/telegram/handlers/session.go:60.69,66.2 4 1
github.com/korjavin/dutyassistant/internal/telegram/handlers/session.go:69.52,74.2 3 1
github.com/korjavin/dutyassistant/internal/telegram/handlers/session.go:77.54,81.44 3 1
github.com/korjavin/dutyassistant/internal/telegram/handlers/session.go:81.44,83.3 1 1
github.com/korjavin/dutyassistant/internal/telegram/handlers/session.go:87.58,91.2 3 1
github.com/korjavin/dutyassistant/internal/telegram/handlers/session.go:94.59,99.2 4 1
github.com/korjavin/dutyassistant/internal/telegram/handlers/session.go:102.42,106.21 3 1
github.com/korjavin/dutyassistant/internal/telegram/handlers/session.go:106.21,108.3 1 0
github.com/korjavin/dutyassistant/internal/telegram/handlers/session.go:112.64,114.2 1 1
github.com/korjavin/dutyassistant/internal/telegram/handlers/session.go:116.81,119.43 3 1
github.com/korjavin/dutyassistant/internal/telegram/handlers/session.go:119.43,120.46 1 1
github.com/korjavin/dutyassistant/internal/telegram/handlers/session.go:120.46,122.4 1 1
github.com/korjavin/dutyassistant/internal/telegram/handlers/session.go:126.84,127.20 1 1
github.com/korjavin/dutyassistant/internal/telegram/handlers/session.go:127.20,129.3 1 0
github.com/korjavin/dutyassistant/internal/telegram/handlers/session.go:131.2,131.45 1 1
github.com/korjavin/dutyassistant/internal/telegram/handlers/session.go:131.45,133.9 2 1
github.com/korjavin/dutyassistant/internal/telegram/handlers/session.go:133.9,135.4 1 1
github.com/korjavin/dutyassistant/internal/telegram/handlers/session.go:138.2,138.47 1 1
github.com/korjavin/dutyassistant/internal/telegram/handlers/volunteer.go:18.89,22.35 2 1
github.com/korjavin/dutyassistant/internal/telegram/handlers/volunteer.go:22.35,25.36 3 1
github.com/korjavin/dutyassistant/internal/telegram/handlers/volunteer.go:25.36,30.32 2 1
github.com/korjavin/dutyassistant/internal/telegram/handlers/volunteer.go:30.32,33.5 2 1
github.com/korjavin/dutyassistant/internal/telegram/handlers/volunteer.go:36.3,44.18 6 1
github.com/korjavin/dutyassistant/internal/telegram/handlers/volunteer.go:47.2,49.29 3 0
github.com/korjavin/dutyassistant/internal/telegram/handlers/volunteer.go:49.29,56.3 3 0
github.com/korjavin/dutyassistant/internal/telegram/handlers/volunteer.go:58.2,59.31 2 0
github.com/korjavin/dutyassistant/internal/telegram/handlers/volunteer.go:59.31,61.3 1 0
github.com/korjavin/dutyassistant/internal/telegram/handlers/volunteer.go:63.2,64.16 2 0
github.com/korjavin/dutyassistant/internal/telegram/handlers/volunteer.go:64.16,66.3 1 0
github.com/korjavin/dutyassistant/internal/telegram/handlers/volunteer.go:68.2,68.95 1 0
github.com/korjavin/dutyassistant/internal/telegram/handlers/volunteer.go:72.115,74.21 2 1
github.com/korjavin/dutyassistant/internal/telegram/handlers/volunteer.go:74.21,76.3 1 0
github.com/korjavin/dutyassistant/internal/telegram/handlers/volunteer.go:78.2,82.31 4 1
github.com/korjavin/dutyassistant/internal/telegram/handlers/volunteer.go:82.31,85.3 2 1
github.com/korjavin/dutyassistant/internal/telegram/handlers/volunteer.go:87.2,88.16 2 1
github.com/korjavin/dutyassistant/internal/telegram/handlers/volunteer.go:88.16,95.3 2 1
github.com/korjavin/dutyassistant/internal/telegram/handlers/volunteer.go:97.2,102.18 2 1
github.com/korjavin/dutyassistant/internal/telegram/handlers/volunteer.go:106.117,114.2 3 0
github.com/korjavin/dutyassistant/internal/llm/openai.go:27.104,28.18 1 1
github.com/korjavin/dutyassistant/internal/llm/openai.go:28.18,30.3 1 1
github.com/korjavin/dutyassistant/internal/llm/openai.go:31.2,31.19 1 1
github.com/korjavin/dutyassistant/internal/llm/openai.go:31.19,33.3 1 1
github.com/korjavin/dutyassistant/internal/llm/openai.go:34.2,34.17 1 1
github.com/korjavin/dutyassistant/internal/llm/openai.go:34.17,36.3 1 1
github.com/korjavin/dutyassistant/internal/llm/openai.go:38.2,39.24 2 1
github.com/korjavin/dutyassistant/internal/llm/openai.go:39.24,41.3 1 1
github.com/korjavin/dutyassistant/internal/llm/openai.go:43.2,52.3 2 1
github.com/korjavin/dutyassistant/internal/llm/openai.go:56.53,57.14 1 0
github.com/korjavin/dutyassistant/internal/llm/openai.go:57.14,59.3 1 0
github.com/korjavin/dutyassistant/internal/llm/openai.go:60.2,60.42 1 0
github.com/korjavin/dutyassistant/internal/llm/openai.go:87.48,94.34 3 1
github.com/korjavin/dutyassistant/internal/llm/openai.go:94.34,96.3 1 1
github.com/korjavin/dutyassistant/internal/llm/openai.go:98.2,113.29 11 1
github.com/korjavin/dutyassistant/internal/llm/openai.go:113.29,121.20 5 1
github.com/korjavin/dutyassistant/internal/llm/openai.go:121.20,123.4 1 1
github.com/korjavin/dutyassistant/internal/llm/openai.go:126.2,126.24 1 1
github.com/korjavin/dutyassistant/internal/llm/openai.go:131.87,132.14 1 1
github.com/korjavin/dutyassistant/internal/llm/openai.go:132.14,134.3 1 1
github.com/korjavin/dutyassistant/internal/llm/openai.go:136.2,148.16 4 1
github.com/korjavin/dutyassistant/internal/llm/openai.go:148.16,151.3 2 0
github.com/korjavin/dutyassistant/internal/llm/openai.go:153.2,154.16 2 1
github.com/korjavin/dutyassistant/internal/llm/openai.go:154.16,157.3 2 0
github.com/korjavin/dutyassistant/internal/llm/openai.go:159.2,163.16 4 1
github.com/korjavin/dutyassistant/internal/llm/openai.go:163.16,166.3 2 1
github.com/korjavin/dutyassistant/internal/llm/openai.go:167.2,169.38 2 1
github.com/korjavin/dutyassistant/internal/llm/openai.go:169.38,173.25 3 1
github.com/korjavin/dutyassistant/internal/llm/openai.go:173.25,175.4 1 0
github.com/korjavin/dutyassistant/internal/llm/openai.go:176.3,178.19 3 1
github.com/korjavin/dutyassistant/internal/llm/openai.go:181.2,182.69 2 1
github.com/korjavin/dutyassistant/internal/llm/openai.go:182.69,185.3 2 0
github.com/korjavin/dutyassistant/internal/llm/openai.go:187.2,187.32 1 1
github.com/korjavin/dutyassistant/internal/llm/openai.go:187.32,191.3 3 0
github.com/korjavin/dutyassistant/internal/llm/openai.go:193.2,194.22 2 1
github.com/korjavin/dutyassistant/internal/llm/openai.go:194.22,196.3 1 0
github.com/korjavin/dutyassistant/internal/llm/openai.go:198.2,198.24 1 1
github.com/korjavin/dutyassistant/internal/llm/openai.go:204.84,205.14 1 1
github.com/korjavin/dutyassistant/internal/llm/openai.go:205.14,207.3 1 1
github.com/korjavin/dutyassistant/internal/llm/openai.go:209.2,226.16 5 1
github.com/korjavin/dutyassistant/internal/llm/openai.go:226.16,229.3 2 0
github.com/korjavin/dutyassistant/internal/llm/openai.go:231.2,232.16 2 1
github.com/korjavin/dutyassistant/internal/llm/openai.go:232.16,235.3 2 0
github.com/korjavin/dutyassistant/internal/llm/openai.go:237.2,241.16 4 1
github.com/korjavin/dutyassistant/internal/llm/openai.go:241.16,244.3 2 1
github.com/korjavin/dutyassistant/internal/llm/openai.go:245.2,247.38 2 1
github.com/korjavin/dutyassistant/internal/llm/openai.go:247.38,251.3 3 1
github.com/korjavin/dutyassistant/internal/llm/openai.go:253.2,254.69 2 1
github.com/korjavin/dutyassistant/internal/llm/openai.go:254.69,257.3 2 0
github.com/korjavin/dutyassistant/internal/llm/openai.go:259.2,259.32 1 1
github.com/korjavin/dutyassistant/internal/llm/openai.go:259.32,262.3 2 0
github.com/korjavin/dutyassistant/internal/llm/openai.go:264.2,265.19 2 1
github.com/korjavin/dutyassistant/internal/llm/openai.go:265.19,267.3 1 0
github.com/korjavin/dutyassistant/internal/llm/openai.go:269.2,269.38 1 1
